cbo,wmc,dit,rfc,lcom,tcc,lcc,totalMethodsQty,staticMethodsQty,publicMethodsQty,privateMethodsQty,protectedMethodsQty,defaultMethodsQty,visibleMethodsQty,abstractMethodsQty,finalMethodsQty,synchronizedMethodsQty,totalFieldsQty,staticFieldsQty,publicFieldsQty,privateFieldsQty,protectedFieldsQty,defaultFieldsQty,finalFieldsQty,synchronizedFieldsQty,nosi,loc,returnQty,loopQty,comparisonsQty,tryCatchQty,parenthesizedExpsQty,stringLiteralsQty,numbersQty,assignmentsQty,mathOperationsQty,variablesQty,maxNestedBlocksQty,anonymousClassesQty,innerClassesQty,lambdasQty,uniqueWordsQty,modifiers,logStatementsQty,Assertion Roulette,Eager Test,Conditional Test Logic,Verbose Test
3,5,1,9,4,0.0,0.0,5,0,5,0,0,0,5,0,0,0,1,1,1,0,0,0,1,0,0,46,0,0,0,0,0,14,0,17,2,17,0,1,0,0,41,1,0,1,1,0,0
3,2,1,10,1,0.0,0.0,2,0,2,0,0,0,2,0,0,0,0,0,0,0,0,0,0,0,3,12,0,0,0,0,0,4,1,3,0,4,0,0,0,1,19,1,0,1,0,0,0
4,2,1,2,1,0.0,0.0,2,0,2,0,0,0,2,0,0,0,0,0,0,0,0,0,0,0,0,12,0,0,0,0,0,2,0,3,0,3,0,0,0,0,13,1,0,1,0,0,0
2,4,1,7,6,0.0,0.0,4,0,4,0,0,0,4,0,0,0,0,0,0,0,0,0,0,0,5,16,0,0,0,0,0,5,0,2,0,2,0,0,0,0,21,1,0,1,0,0,0
2,1,1,3,0,,,1,0,1,0,0,0,1,0,0,0,0,0,0,0,0,0,0,0,0,6,0,0,0,0,0,2,0,1,0,1,0,0,0,0,11,1,0,1,1,0,0
5,9,1,11,6,0.0,0.0,4,0,4,0,0,0,4,0,0,0,0,0,0,0,0,0,0,0,5,71,0,4,0,0,0,4,41,20,3,15,3,0,0,0,21,1,0,1,1,1,0
9,7,2,31,21,0.0,0.0,7,1,7,0,0,0,7,0,0,0,0,0,0,0,0,0,0,0,9,61,0,0,0,0,0,60,6,8,5,11,1,0,0,3,68,1,0,1,0,0,0
14,9,1,29,34,0.0,0.0,9,2,5,4,0,0,5,0,0,0,4,4,0,4,0,0,4,0,7,46,2,0,0,0,0,79,10,10,4,11,0,0,0,1,116,1,0,1,0,0,1
7,4,1,19,3,0.0,0.0,3,1,3,0,0,0,3,0,0,0,0,0,0,0,0,0,0,0,9,30,0,0,0,1,0,10,11,5,0,5,2,0,0,1,31,1,0,1,0,0,0
11,21,1,46,15,0.0,0.0,15,0,12,3,0,0,12,0,0,0,2,0,0,2,0,0,1,0,14,148,2,1,0,7,0,37,5,25,1,33,3,2,0,8,104,1,0,1,0,0,0
8,6,2,23,15,0.0,0.0,6,0,6,0,0,0,6,0,0,0,0,0,0,0,0,0,0,0,12,59,0,0,0,0,0,24,2,9,1,9,0,0,0,0,76,1,0,1,0,0,0
3,7,1,5,0,,,1,0,1,0,0,0,1,0,0,0,0,0,0,0,0,0,0,0,24,17,0,2,1,0,0,46,8,2,0,2,3,0,0,0,7,1,0,1,0,1,0
7,4,2,16,6,0.0,0.0,4,0,4,0,0,0,4,0,0,0,0,0,0,0,0,0,0,0,4,33,0,0,0,0,0,9,3,5,0,5,0,0,0,0,44,1,0,1,0,0,0
10,15,2,30,35,0.0,0.0,11,0,10,1,0,0,10,0,0,0,2,0,0,2,0,0,0,0,18,103,0,1,2,1,4,53,12,19,1,19,1,1,0,0,117,1,0,1,0,1,0
7,4,2,16,6,0.0,0.0,4,0,4,0,0,0,4,0,0,0,0,0,0,0,0,0,0,0,4,33,0,0,0,0,0,11,3,5,1,5,0,0,0,0,53,1,0,1,0,0,0
12,12,2,19,58,0.0,0.0,12,2,6,6,0,0,6,0,0,0,2,2,1,1,0,0,0,0,5,64,1,0,0,0,0,37,0,6,7,6,0,0,0,0,52,1,0,1,0,0,0
7,7,2,33,21,0.0,0.0,7,0,7,0,0,0,7,0,0,0,0,0,0,0,0,0,0,0,10,69,0,0,0,0,0,102,4,9,6,13,1,0,0,4,135,1,0,1,0,0,1
7,1,2,8,0,,,1,0,1,0,0,0,1,0,0,0,0,0,0,0,0,0,0,0,1,12,0,0,0,0,0,0,0,1,0,1,0,0,0,0,25,1,0,0,0,0,0
4,2,1,9,1,0.0,0.0,2,0,2,0,0,0,2,0,0,0,0,0,0,0,0,0,0,0,9,18,0,0,0,0,0,39,2,9,0,6,0,0,0,0,41,1,0,1,1,0,0
7,6,2,21,15,0.0,0.0,6,0,6,0,0,0,6,0,0,0,0,0,0,0,0,0,0,0,8,52,0,0,0,0,0,38,4,7,1,9,1,0,0,2,93,1,0,1,0,0,0
7,5,2,16,10,0.0,0.0,5,0,5,0,0,0,5,0,0,0,0,0,0,0,0,0,0,0,5,39,0,0,0,0,0,16,4,6,1,6,0,0,0,0,72,1,0,1,0,0,0
6,2,2,7,1,0.0,0.0,2,0,2,0,0,0,2,0,0,0,0,0,0,0,0,0,0,0,3,15,0,0,0,0,0,18,0,6,0,5,0,0,0,0,21,1,0,0,0,0,0
11,12,2,41,46,0.0,0.0,12,1,11,1,0,0,11,0,0,0,1,1,0,1,0,0,0,0,16,119,0,0,0,0,0,77,9,13,6,20,1,0,0,7,104,1,0,1,0,0,0
9,12,2,15,15,0.0,0.0,6,0,6,0,0,0,6,0,0,0,0,0,0,0,0,0,0,0,11,59,0,0,0,0,6,33,6,6,0,6,1,0,0,0,42,1,0,1,0,1,0
7,8,2,17,3,0.0,0.0,6,2,6,0,0,0,6,0,0,0,1,1,0,1,0,0,0,0,9,49,0,0,2,0,0,26,4,13,1,9,0,0,0,0,47,1,0,1,0,0,0
11,4,2,22,0,0.0,0.0,4,1,3,1,0,0,3,0,0,0,2,2,0,2,0,0,0,0,9,51,0,0,0,0,0,21,5,11,6,10,0,0,0,0,70,1,0,1,0,0,0
11,6,2,28,13,0.0,0.0,6,1,5,1,0,0,5,0,0,0,1,1,0,1,0,0,0,0,10,59,0,0,0,0,0,72,7,11,2,12,1,0,0,2,126,1,0,1,0,0,1
3,1,1,2,0,,,1,0,1,0,0,0,1,0,0,0,0,0,0,0,0,0,0,0,1,6,0,0,0,0,0,2,0,1,0,1,0,0,0,0,7,1,0,0,0,0,0
5,11,2,9,28,0.0,0.0,8,0,6,2,0,0,6,0,0,0,0,0,0,0,0,0,0,0,1,73,3,1,2,0,0,73,3,15,0,15,1,0,0,0,67,1,0,0,0,0,1
8,3,3,10,3,0.0,0.0,3,1,2,1,0,0,2,0,0,0,10,10,7,3,0,0,10,0,35,55,1,0,0,2,0,255,4,24,14,18,1,0,1,0,104,1,0,0,1,0,0
2,6,1,5,15,0.0,0.0,6,0,6,0,0,0,6,0,0,0,0,0,0,0,0,0,0,0,5,60,0,0,0,6,0,34,0,18,0,18,1,0,0,0,28,1,0,1,1,0,0
7,10,2,19,45,0.0,0.0,10,0,10,0,0,0,10,0,0,0,0,0,0,0,0,0,0,0,15,89,0,0,0,0,0,52,3,11,1,16,1,0,0,5,86,1,0,1,0,0,0
7,8,2,30,28,0.0,0.0,8,0,8,0,0,0,8,0,0,0,0,0,0,0,0,0,0,0,13,80,0,0,0,0,0,81,4,10,6,15,1,0,0,5,73,1,0,1,0,0,1
10,6,1,13,15,0.0,0.0,6,3,3,3,0,0,3,0,0,0,0,0,0,0,0,0,0,0,109,187,0,0,0,0,0,7,107,14,0,14,1,0,1,2,43,1,0,1,0,0,1
10,5,1,20,6,0.0,0.0,4,1,1,2,0,1,2,0,0,0,1,1,0,1,0,0,1,0,6,106,1,1,0,0,0,9,16,5,0,5,1,0,2,0,21,1,0,0,0,0,0
9,21,1,21,0,0.0,0.0,10,1,9,1,0,0,9,0,0,0,2,0,0,2,0,0,0,0,4,129,0,9,1,0,1,2,61,39,19,34,3,0,0,1,61,1,0,1,0,1,1
12,10,2,17,0,0.0,0.0,6,1,5,1,0,0,5,0,0,0,3,3,0,3,0,0,0,0,3,51,0,4,0,0,0,13,19,11,5,11,1,0,0,0,55,1,0,1,0,1,0
18,20,2,33,20,0.0,0.0,8,1,4,4,0,0,4,0,0,0,11,11,0,11,0,0,5,0,2,79,1,3,9,0,6,17,31,27,10,33,4,0,0,3,91,1,0,0,0,0,0
11,56,2,56,136,0.0,0.0,20,0,16,4,0,0,16,0,0,0,3,3,2,1,0,0,3,0,10,368,7,26,6,0,0,8,283,105,21,98,3,0,1,6,102,1,0,1,1,1,1
16,27,2,32,0,0.0,0.0,16,4,11,5,0,0,11,0,0,0,4,4,0,4,0,0,3,0,26,154,2,5,2,0,0,34,79,32,15,32,2,0,0,4,98,1,0,1,0,1,0
11,25,1,26,6,0.0,0.0,9,1,9,0,0,0,9,0,0,0,1,0,0,0,0,1,0,0,5,139,5,8,5,3,0,5,42,19,2,17,2,2,0,0,73,1,0,1,1,1,1
10,4,2,21,0,0.0,0.0,3,2,3,0,0,0,3,0,0,0,1,1,0,1,0,0,0,0,4,23,0,0,0,0,0,5,3,6,0,7,0,0,0,2,41,1,0,1,0,0,0
9,3,1,15,1,0.0,0.0,2,1,2,0,0,0,2,0,0,0,0,0,0,0,0,0,0,0,5,17,0,1,0,0,0,4,4,5,2,3,1,0,0,0,26,1,0,1,1,1,0
7,10,2,9,10,0.0,0.0,5,0,4,1,0,0,4,0,0,0,0,0,0,0,0,0,0,0,0,44,0,4,1,0,0,4,21,11,5,13,2,1,0,3,20,1,0,1,1,1,0
12,11,1,40,45,,,10,0,1,9,0,0,1,0,0,0,2,2,0,2,0,0,2,0,4,64,9,1,0,0,0,5,10,10,0,16,2,0,1,2,94,1,0,1,1,1,0
42,45,1,94,396,0.0,0.0,29,13,15,14,0,0,15,0,0,0,6,6,6,0,0,0,6,0,98,290,11,13,0,6,0,141,86,97,14,71,3,1,0,0,149,1,0,1,0,1,0
36,34,1,101,95,0.0,0.0,18,3,13,4,0,1,14,0,0,0,7,3,6,1,0,0,3,0,88,243,4,12,1,4,5,20,46,67,11,68,4,0,1,4,153,1,0,1,1,1,1
9,19,1,41,134,0.0,0.0,17,3,15,2,0,0,15,0,0,0,1,1,0,0,0,1,0,0,49,139,1,0,1,1,0,2,21,6,0,12,3,0,0,21,59,1,0,1,1,0,0
12,15,1,28,16,0.0,0.0,9,1,6,3,0,0,6,0,0,0,3,1,1,0,0,2,1,0,19,61,0,4,1,1,0,14,2,11,0,8,1,0,0,0,74,1,0,1,1,0,0
26,13,1,44,0,0.0,0.0,11,5,7,4,0,0,7,0,0,0,4,4,0,0,0,4,0,0,57,122,4,0,0,1,0,16,34,14,4,14,1,1,0,0,94,1,0,1,0,0,0
2,1,1,3,0,,,1,0,1,0,0,0,1,0,0,0,0,0,0,0,0,0,0,0,0,7,0,0,0,0,0,0,1,2,0,2,0,0,0,0,18,1,0,1,1,0,0
6,8,1,13,28,0.0,0.0,8,1,8,0,0,0,8,0,0,0,0,0,0,0,0,0,0,0,15,46,0,0,0,0,0,1,0,14,0,14,0,0,0,0,28,1,0,1,1,0,0
45,66,1,139,361,0.0,0.0,30,13,10,20,0,0,10,0,0,0,10,10,0,10,0,0,9,0,138,610,15,23,7,2,3,336,600,146,23,129,3,1,0,1,187,1,0,1,0,1,1
23,13,1,25,19,0.0,0.0,7,4,6,1,0,0,6,0,0,0,15,10,0,5,0,10,5,0,17,81,3,2,2,0,0,19,0,23,2,23,3,1,0,0,71,1,0,0,0,0,0
25,7,1,40,21,0.0,0.0,7,2,4,3,0,0,4,0,0,0,0,0,0,0,0,0,0,0,33,51,1,0,0,0,0,15,5,16,3,16,0,0,0,0,56,1,0,0,0,0,0
36,20,3,66,39,0.0,0.0,15,7,8,7,0,0,8,0,0,0,13,13,0,0,0,13,0,0,65,188,6,1,3,1,0,15,16,43,0,42,2,0,1,0,144,1,0,1,0,1,1
14,35,3,77,78,0.0,0.0,13,0,11,2,0,0,11,0,0,0,0,0,0,0,0,0,0,0,12,224,1,14,1,11,0,91,126,48,29,54,3,0,1,8,196,1,0,1,0,1,1
18,18,5,17,128,0.0,0.0,17,1,12,5,0,0,12,0,0,0,7,3,0,7,0,0,4,0,17,169,5,0,0,1,0,15,7,65,4,65,1,0,1,0,69,1,0,1,0,0,0
56,66,4,119,19,0.0,0.0,47,4,32,15,0,0,32,0,0,0,4,0,0,4,0,0,0,0,221,773,10,4,4,28,2,175,238,312,8,298,4,0,2,0,278,1,0,1,1,1,1
20,16,1,27,85,0.0,0.0,14,7,6,8,0,0,6,0,2,0,2,2,0,2,0,0,1,0,471,102,6,2,0,1,0,315,2,6,1,6,2,0,0,0,48,1,0,1,1,1,0
21,10,4,33,34,0.0,0.0,9,6,4,5,0,0,4,0,0,0,1,1,0,1,0,0,1,0,49,142,2,0,1,3,0,9,86,22,1,18,1,0,2,0,82,1,0,1,0,0,1
21,20,1,29,53,0.0,0.0,11,4,4,7,0,0,4,0,1,0,2,2,0,2,0,0,1,0,686,129,3,8,0,1,0,10,367,6,1,6,2,0,0,0,87,1,0,1,1,1,1
25,10,1,38,15,0.0,0.0,7,4,4,3,0,0,4,0,0,0,2,2,0,2,0,0,2,0,34,81,2,2,0,0,0,4,55,38,3,25,1,0,0,0,73,1,0,1,0,1,1
20,10,2,36,36,0.0,0.0,9,3,5,4,0,0,5,0,0,0,0,0,0,0,0,0,0,0,63,85,4,1,0,0,0,2,47,26,0,26,1,0,0,0,69,1,0,1,1,0,0
7,9,1,10,0,0.0,0.0,8,1,8,0,0,0,8,0,0,0,1,0,0,0,0,1,0,0,3,30,0,0,0,0,0,0,5,1,1,1,0,0,0,0,28,1,0,1,1,0,0
33,24,1,64,0,0.0,0.0,9,2,9,0,0,0,9,0,0,0,7,7,0,6,0,1,6,0,91,167,0,10,1,0,5,56,56,63,42,63,3,0,0,0,113,1,0,1,1,1,1
5,16,2,17,0,0.0,0.0,16,0,14,2,0,0,14,0,0,0,3,0,0,3,0,0,0,0,3,125,1,0,0,0,0,18,27,34,0,27,1,0,1,30,55,1,0,1,1,0,0
8,10,1,22,21,0.0,0.0,7,0,4,3,0,0,4,0,0,0,0,0,0,0,0,0,0,0,4,113,1,0,0,3,0,14,1,10,0,6,1,1,0,0,51,1,0,1,1,0,0
13,4,1,13,3,0.0,0.0,3,1,2,1,0,0,2,0,0,0,0,0,0,0,0,0,0,0,10,25,0,1,0,0,0,0,1,4,1,4,1,0,0,0,38,1,0,0,1,1,0
12,33,1,40,0,0.0,0.0,27,6,21,6,0,0,21,0,0,0,9,0,0,0,0,9,0,0,91,216,7,4,0,1,0,62,1,55,1,81,2,0,1,49,115,1,0,1,0,1,1
17,10,2,18,43,0.0,0.0,10,2,9,1,0,0,9,0,0,0,1,1,0,1,0,0,0,0,27,54,0,0,0,0,1,22,8,5,1,5,0,0,0,0,59,1,0,1,1,0,0
13,6,1,17,10,0.0,0.0,5,1,5,0,0,0,5,0,0,0,0,0,0,0,0,0,0,0,22,35,0,1,0,0,0,0,1,9,0,9,1,0,0,1,43,1,0,1,0,0,0
32,19,1,69,24,0.0,0.0,12,1,10,2,0,0,10,0,0,0,5,5,0,5,0,0,3,0,47,172,3,3,0,0,6,8,58,68,12,68,1,0,0,1,112,1,0,1,1,1,1
28,10,2,48,0,0.0,0.0,10,2,7,3,0,0,7,0,0,0,5,5,3,2,0,0,4,0,43,110,2,0,0,1,0,9,12,60,0,58,1,0,0,0,110,1,0,1,1,0,1
9,6,2,17,10,0.0,0.0,5,0,3,2,0,0,3,0,0,0,0,0,0,0,0,0,0,0,11,61,1,1,0,0,0,11,19,9,0,9,1,0,1,0,33,1,0,1,1,1,0
15,48,1,51,100,0.0,0.0,16,7,5,8,0,3,9,0,0,0,6,6,0,6,0,0,6,0,169,244,8,6,8,1,0,5,158,55,2,63,3,1,0,6,90,1,0,0,0,0,0
7,14,1,20,6,0.0,0.0,4,0,2,1,0,1,3,0,0,0,0,0,0,0,0,0,0,0,1,44,2,7,2,0,0,2,20,18,12,18,3,0,0,0,29,1,0,1,1,1,1
14,6,1,27,3,0.0,0.0,3,1,2,1,0,0,2,0,0,0,0,0,0,0,0,0,0,0,7,47,1,2,1,0,0,6,6,22,1,20,1,0,0,0,43,1,0,1,1,1,1
7,3,1,11,3,0.0,0.0,3,0,3,0,0,0,3,0,0,0,0,0,0,0,0,0,0,0,32,40,0,0,0,0,0,0,62,13,0,13,0,0,0,0,24,1,0,1,0,0,0
18,4,2,16,0,0.0,0.0,4,1,4,0,0,0,4,0,0,0,4,0,0,0,4,0,1,0,10,33,0,0,0,0,0,3,1,16,1,16,0,0,0,0,48,1,0,1,1,0,0
8,10,1,28,10,0.0,0.0,5,0,4,1,0,0,4,0,0,0,0,0,0,0,0,0,0,0,13,93,0,0,5,1,1,39,5,19,0,15,1,0,0,0,60,1,0,1,1,1,1
10,8,1,12,0,0.0,0.0,6,1,6,0,0,0,6,0,0,0,4,4,0,4,0,0,2,0,9,30,0,2,0,0,0,7,6,12,1,10,1,0,0,0,44,1,0,1,0,0,0
12,3,1,16,1,0.0,0.0,2,1,2,0,0,0,2,0,0,0,0,0,0,0,0,0,0,0,9,23,0,0,0,1,0,3,3,7,0,7,1,0,0,0,29,1,0,1,1,0,0
16,2,1,15,1,0.0,0.0,2,1,2,0,0,0,2,0,0,0,0,0,0,0,0,0,0,0,12,30,0,0,0,0,0,22,2,8,0,7,0,0,0,0,32,1,0,1,1,0,1
12,58,1,76,528,0.0,0.0,33,18,14,19,0,0,14,0,0,0,0,0,0,0,0,0,0,0,207,281,10,9,1,0,0,5,286,92,13,79,3,0,0,2,105,1,0,1,1,1,1
5,2,1,7,1,,,2,0,1,1,0,0,1,0,0,0,0,0,0,0,0,0,0,0,1,20,1,0,0,0,0,0,21,2,0,2,0,0,0,0,13,1,0,1,1,0,0
18,25,1,43,210,0.0,0.0,21,1,14,7,0,0,14,0,0,0,0,0,0,0,0,0,0,0,46,257,3,4,0,0,0,105,144,48,2,48,1,5,0,0,80,1,0,1,1,0,1
15,60,1,56,903,0.0,0.0,43,4,33,9,0,1,34,0,0,0,0,0,0,0,0,0,0,0,149,446,5,8,5,0,0,362,157,157,15,146,3,0,0,0,156,1,0,1,1,1,1
4,6,2,6,10,0.0,0.0,5,0,4,0,1,0,5,0,0,0,0,0,0,0,0,0,0,0,2,20,1,0,0,0,0,9,8,2,0,1,0,0,0,0,19,1,0,0,0,0,0
23,13,1,37,17,0.0,0.0,7,2,3,4,0,0,3,0,0,0,3,2,0,0,0,3,0,0,11,80,1,4,0,0,1,7,12,19,2,17,3,1,0,0,70,1,0,1,0,1,1
5,11,2,3,6,0.0,0.0,4,1,3,0,1,0,4,0,0,0,0,0,0,0,0,0,0,0,1,20,1,0,2,0,0,14,7,1,0,0,0,0,0,0,24,1,0,0,0,0,0
13,18,2,14,16,0.0,0.0,9,1,7,2,0,0,7,0,0,0,2,2,0,2,0,0,2,0,13,85,1,6,1,0,0,1,55,15,0,14,4,0,1,0,63,1,1,1,0,1,0
20,30,1,49,169,0.0,0.0,19,3,12,7,0,0,12,0,0,0,2,2,0,0,0,2,0,0,47,169,3,7,1,2,5,27,47,64,19,61,3,0,0,0,131,1,0,0,0,1,1
7,10,2,15,21,0.0,0.0,7,0,5,0,2,0,7,0,0,0,0,0,0,0,0,0,0,0,1,35,2,0,2,0,0,12,14,4,2,4,1,0,0,1,31,1,0,0,1,0,0
8,4,1,8,3,0.0,0.0,3,2,3,0,0,0,3,0,0,0,0,0,0,0,0,0,0,0,4,20,0,0,0,1,0,2,0,2,0,2,1,0,0,0,33,1,0,0,0,0,0
16,23,1,50,4,0.0,0.0,12,2,7,5,0,0,7,0,0,0,4,0,0,4,0,0,0,0,64,180,0,3,2,5,0,59,19,26,3,26,4,0,0,0,106,1,0,0,0,0,0
8,2,1,11,1,,,2,1,1,1,0,0,1,0,0,0,0,0,0,0,0,0,0,0,25,36,0,0,0,0,0,0,1,16,0,16,1,0,0,0,25,1,0,1,0,0,1
39,33,1,69,99,0.0,0.0,15,3,11,4,0,0,11,0,0,0,3,2,3,0,0,0,2,0,66,181,3,14,3,0,6,31,70,67,22,69,3,0,0,3,132,1,0,1,1,1,1
37,66,1,116,176,0.0,0.0,20,7,12,6,0,2,14,0,0,0,3,2,1,2,0,0,2,0,54,275,12,19,15,0,0,64,120,94,9,98,5,2,0,5,163,1,2,1,1,1,1
6,8,1,13,21,0.0,0.0,7,3,5,2,0,0,5,0,0,0,0,0,0,0,0,0,0,0,19,47,0,0,0,1,0,24,11,3,1,3,1,0,0,0,48,1,0,1,1,0,0
14,7,1,20,6,0.0,0.0,4,3,2,2,0,0,2,0,0,0,0,0,0,0,0,0,0,0,43,53,1,3,0,0,0,4,32,19,0,12,2,0,0,0,37,1,0,0,1,0,1
11,5,1,11,6,0.0,0.0,4,1,2,2,0,0,2,0,0,0,0,0,0,0,0,0,0,0,18,58,1,0,0,1,0,65,21,4,0,4,1,0,0,0,29,1,0,1,1,0,0
15,23,1,44,0,0.0,0.0,9,2,8,1,0,0,8,0,0,0,3,3,2,0,0,1,2,0,38,206,0,2,12,0,0,47,28,38,3,32,1,4,0,1,83,1,0,1,1,1,1
7,3,1,7,3,0.0,0.0,3,1,3,0,0,0,3,0,0,0,1,1,0,0,0,1,1,0,8,15,0,0,0,0,0,2,0,2,0,2,0,0,0,0,35,1,0,0,0,0,0
13,13,4,24,0,0.0,0.0,6,1,4,2,0,0,4,0,0,0,9,2,0,9,0,0,6,0,6,60,1,2,4,0,0,0,7,15,1,14,2,0,1,2,53,1,0,0,1,1,0
15,14,1,35,0,0.0,0.0,13,1,13,0,0,0,13,0,0,0,5,1,0,5,0,0,1,0,5,114,0,0,1,0,0,2,7,23,1,19,1,0,0,1,69,1,0,1,1,0,0
24,11,1,28,0,0.0,0.0,9,1,9,0,0,0,9,0,0,0,6,2,0,6,0,0,2,0,13,69,0,1,1,0,0,2,16,21,0,20,2,0,0,0,71,1,0,1,0,0,0
2,1,1,3,0,,,1,0,1,0,0,0,1,0,0,0,0,0,0,0,0,0,0,0,10,16,0,0,0,0,0,12,0,0,0,0,0,0,0,0,8,1,0,1,1,0,0
7,16,1,13,0,,,1,0,1,0,0,0,1,0,0,0,0,0,0,0,0,0,0,0,3,29,0,1,14,0,1,2,27,7,2,7,1,0,0,0,26,1,0,0,1,1,1
3,4,1,12,0,,,1,0,1,0,0,0,1,0,0,0,0,0,0,0,0,0,0,0,7,19,0,2,0,1,0,1,4,4,3,5,2,0,0,1,23,1,0,1,0,1,1
21,21,1,26,36,0.0,0.0,9,2,7,2,0,0,7,0,0,0,1,0,1,0,0,0,0,0,6,100,1,7,1,5,1,6,71,32,5,28,3,0,0,2,97,1,0,1,1,1,1
23,15,1,41,0,0.0,0.0,4,1,4,0,0,0,4,0,0,0,2,2,2,0,0,0,2,0,17,85,0,9,0,1,0,4,28,23,0,24,2,0,0,1,83,1,0,1,1,1,1
7,1,1,9,0,,,1,0,1,0,0,0,1,0,0,0,0,0,0,0,0,0,0,0,1,16,0,0,0,0,0,1,3,7,0,7,0,0,0,0,26,1,0,1,1,0,0
12,9,1,19,10,0.0,0.0,5,1,3,2,0,0,3,0,0,0,1,0,1,0,0,0,0,0,8,82,0,3,1,0,0,0,12,20,0,20,1,4,0,0,87,1,0,0,0,1,0
14,2,1,18,1,0.0,0.0,2,1,2,0,0,0,2,0,0,0,0,0,0,0,0,0,0,0,6,26,0,0,0,0,0,4,4,9,0,9,0,0,0,0,39,1,0,0,1,0,1
16,5,1,26,3,0.0,0.0,3,1,2,1,0,0,2,0,0,0,1,1,0,0,0,1,0,0,4,52,1,1,0,1,0,8,7,9,0,9,2,2,0,0,68,1,0,1,0,1,1
25,35,1,59,28,0.0,0.0,9,1,9,0,0,0,10,0,0,0,9,1,0,1,0,8,1,0,38,275,0,8,12,3,1,25,28,66,4,52,2,0,3,4,122,1,0,1,1,1,1
2,14,1,14,21,0.0,0.0,7,0,7,0,0,0,7,0,0,0,0,0,0,0,0,0,0,0,0,108,0,7,0,0,0,0,98,19,1,19,2,0,0,0,21,1,0,1,1,1,1
10,16,3,43,9,,,7,0,1,6,0,0,1,0,0,0,1,1,0,1,0,0,1,0,5,78,3,0,2,1,0,13,14,15,0,15,1,0,1,0,93,1,5,0,0,0,0
11,38,1,54,0,0.0,0.0,19,2,16,1,0,2,18,0,0,0,4,2,0,4,0,0,2,0,40,276,4,10,3,6,1,10,62,33,6,32,3,5,0,10,166,1,0,1,1,1,1
4,19,1,33,21,0.0,0.0,7,0,5,2,0,0,5,0,0,0,0,0,0,0,0,0,0,0,34,153,3,9,0,1,2,43,28,52,9,53,3,0,0,3,109,1,0,1,1,1,1
4,11,1,15,6,0.0,0.0,4,0,3,1,0,0,3,0,0,0,0,0,0,0,0,0,0,0,2,46,1,7,0,0,0,2,29,14,0,13,1,0,0,0,30,1,0,1,1,1,0
6,25,1,30,64,0.0,0.0,13,5,2,10,0,1,3,0,0,0,7,7,0,7,0,0,7,0,49,100,8,4,2,0,2,0,54,20,12,17,2,0,0,0,44,1,0,0,0,1,0
25,25,1,44,90,0.0,0.0,16,3,14,1,0,1,15,0,0,0,1,0,1,0,0,0,0,0,45,130,2,5,2,1,3,9,43,39,15,34,2,0,0,0,96,1,0,1,1,1,0
3,3,1,5,1,0.0,0.0,2,0,2,0,0,0,2,0,0,0,0,0,0,0,0,0,0,0,3,10,0,0,0,0,0,2,3,2,0,2,0,0,0,0,11,1,0,1,0,0,0
8,2,2,5,0,0.0,0.0,2,0,2,0,0,0,2,0,0,0,1,0,0,0,0,1,0,0,2,44,0,0,0,0,0,31,0,14,0,8,0,1,1,0,27,1,0,0,1,0,0
23,67,2,80,640,0.0,0.0,45,13,31,12,0,2,33,0,0,0,4,2,1,1,2,0,1,0,361,554,13,14,5,3,0,45,350,131,17,116,2,0,2,0,229,1,0,1,1,1,1
9,5,1,16,3,0.0,0.0,3,0,3,0,0,0,3,0,0,0,0,0,0,0,0,0,0,0,59,104,0,2,0,0,0,12,116,16,0,15,1,2,0,0,29,1,0,1,1,1,1
5,25,6,16,45,0.0,0.0,10,1,9,1,0,0,9,0,0,0,0,0,0,0,0,0,0,0,2,232,0,1,1,13,1,13,10,11,0,11,2,9,3,0,64,1,0,1,1,1,1
6,82,1,34,350,0.0,0.0,29,7,22,7,0,0,23,0,0,0,1,1,0,1,0,0,1,0,96,208,6,40,5,0,5,11,189,101,41,83,3,1,0,0,81,1,0,1,0,1,1
10,18,1,20,25,0.0,0.0,10,6,4,6,0,0,4,0,0,0,1,1,0,1,0,0,1,0,44,161,2,4,1,3,0,3,60,60,20,15,2,1,0,0,47,1,0,1,0,0,1
16,72,2,77,196,0.0,0.0,24,8,14,10,0,0,15,0,0,0,4,4,0,2,0,2,3,0,116,405,11,34,7,0,4,3,141,112,21,103,3,3,3,9,160,1,0,1,1,1,1
5,7,1,12,10,0.0,0.0,5,0,4,1,0,0,4,0,0,0,0,0,0,0,0,0,0,0,7,45,0,2,0,1,4,0,21,12,8,12,1,0,0,0,44,1,0,1,1,1,0
8,19,1,37,28,0.0,0.0,8,0,8,0,0,0,8,0,0,0,0,0,0,0,0,0,0,0,0,143,0,0,0,6,0,9,39,34,0,33,2,0,0,0,52,1,0,0,0,0,0
5,19,1,22,13,0.0,0.0,6,1,4,1,0,1,5,0,0,0,1,1,0,1,0,0,1,0,4,62,0,9,0,5,0,4,12,15,3,15,3,0,0,0,53,1,0,1,1,1,1
11,10,1,26,5,0.0,0.0,10,1,7,3,0,0,7,0,0,0,5,3,0,0,0,5,2,0,13,154,0,0,0,0,0,5,74,34,0,13,0,2,0,0,39,1,26,1,1,0,1
5,14,1,7,15,0.0,0.0,6,1,5,1,0,0,5,0,0,0,0,0,0,0,0,0,0,0,6,55,1,3,0,0,0,0,98,23,6,12,6,0,0,0,24,1,0,1,1,1,0
7,55,1,50,105,0.0,0.0,15,4,11,4,0,0,11,0,0,0,0,0,0,0,0,0,0,0,23,171,4,5,22,3,0,58,36,61,1,33,3,0,0,3,82,1,0,1,1,1,1
11,8,1,18,10,0.0,0.0,5,1,5,0,0,0,5,0,0,0,0,0,0,0,0,0,0,0,27,89,0,1,0,4,0,12,0,6,0,6,2,0,0,0,72,1,0,1,1,1,1
24,36,2,54,0,0.0,0.0,20,4,18,1,0,1,19,0,0,0,4,3,1,1,2,0,2,0,162,330,4,7,5,2,0,18,208,83,7,66,2,0,1,0,178,1,0,1,1,1,1
9,8,1,34,0,0.0,0.0,6,0,3,3,0,0,3,0,0,0,5,2,0,5,0,0,2,0,2,101,2,1,0,0,0,1,26,13,0,18,1,0,0,4,57,1,0,1,1,0,1
11,7,1,35,0,0.0,0.0,3,0,2,1,0,0,2,0,0,0,10,0,0,10,0,0,0,0,2,96,1,0,0,3,0,0,41,13,0,12,2,0,0,3,42,1,0,1,1,0,1
10,91,1,71,575,0.0,0.0,50,0,38,12,0,0,38,0,0,0,1,0,0,1,0,0,0,0,18,566,1,34,3,0,6,2,201,152,38,133,2,2,0,0,148,1,0,1,1,1,1
1,2,1,8,1,0.0,0.0,2,0,2,0,0,0,2,0,0,0,0,0,0,0,0,0,0,0,0,12,0,0,0,0,0,2,2,0,0,1,1,0,0,1,18,1,0,1,0,0,0
7,11,1,18,10,,,5,2,1,4,0,0,1,0,0,0,0,0,0,0,0,0,0,0,13,50,2,4,1,0,0,0,17,17,3,16,2,0,0,0,30,1,0,0,0,1,0
2,1,1,3,0,,,1,0,1,0,0,0,1,0,0,0,0,0,0,0,0,0,0,0,17,21,0,0,0,0,0,17,0,0,0,0,0,0,0,0,13,1,0,1,0,0,0
16,23,1,43,28,0.0,0.0,8,1,7,1,0,0,7,0,0,0,0,0,0,0,0,0,0,0,55,107,1,4,9,3,0,29,55,21,0,15,3,0,0,1,95,1,0,1,1,1,1
6,22,1,44,151,0.0,0.0,19,1,18,1,0,0,18,0,0,0,1,1,0,1,0,0,1,0,20,116,0,3,0,0,0,6,53,31,12,42,2,0,0,18,39,1,0,1,1,1,0
3,4,1,4,1,0.0,0.0,2,0,2,0,0,0,2,0,0,0,0,0,0,0,0,0,0,0,4,15,0,2,0,0,0,6,9,7,0,7,1,0,0,0,20,1,0,1,1,1,0
3,7,1,17,10,0.0,0.0,5,1,4,1,0,0,4,0,0,0,0,0,0,0,0,0,0,0,2,75,0,0,0,2,0,21,27,6,0,6,1,0,0,0,33,1,0,1,1,0,0
6,60,1,45,0,0.0,0.0,49,2,47,2,0,0,47,0,0,0,1,0,0,1,0,0,0,0,16,348,2,1,3,6,0,0,71,16,1,11,2,0,1,5,113,1,0,1,1,1,0
4,5,1,8,0,,,1,0,1,0,0,0,1,0,0,0,0,0,0,0,0,0,0,0,7,21,0,1,1,0,3,6,11,10,5,6,2,0,0,0,22,1,0,0,1,1,0
6,45,1,62,48,0.0,0.0,16,0,12,4,0,0,12,0,0,0,1,1,0,1,0,0,1,0,61,212,1,13,14,1,0,3,96,57,21,43,4,0,0,0,78,1,0,1,1,1,1
4,13,1,13,21,0.0,0.0,7,0,7,0,0,0,7,0,0,0,0,0,0,0,0,0,0,0,2,81,0,6,0,0,0,0,63,26,0,26,2,0,0,1,29,1,0,1,1,1,0
12,26,1,59,136,0.0,0.0,17,2,11,6,0,0,11,0,0,0,0,0,0,0,0,0,0,0,18,201,3,8,1,0,0,9,319,49,9,52,1,0,0,8,106,1,0,1,1,1,1
20,30,2,63,406,0.0,0.0,29,0,28,1,0,0,28,0,0,0,1,1,0,1,0,0,0,0,117,392,0,1,0,1,1,325,282,33,5,30,2,0,1,1,172,1,0,1,0,0,1
18,36,7,52,276,0.0,0.0,24,2,17,7,0,0,17,0,0,0,0,0,0,0,0,0,0,0,98,539,3,1,0,12,0,65,3,95,1,73,2,0,3,4,142,1,0,1,1,0,1
7,21,1,23,45,0.0,0.0,10,0,10,0,0,0,10,0,0,0,0,0,0,0,0,0,0,0,11,112,0,11,0,0,0,18,15,36,0,36,2,0,0,0,64,1,0,1,1,1,0
4,26,1,18,66,0.0,0.0,12,0,12,0,0,0,12,0,0,0,0,0,0,0,0,0,0,0,17,170,0,12,0,0,2,18,9,35,2,35,2,11,0,0,69,1,0,1,1,1,0
5,5,1,14,3,0.0,0.0,3,0,3,0,0,0,3,0,0,0,0,0,0,0,0,0,0,0,8,33,0,2,0,0,0,2,1,15,0,13,1,0,0,0,31,1,0,1,1,1,0
66,134,1,202,2076,0.0,0.0,77,23,37,40,0,0,38,0,0,0,8,7,0,8,0,0,7,0,804,1720,22,13,6,26,2,753,457,402,24,212,4,50,1,3,356,1,0,1,0,1,1
17,42,1,50,190,0.0,0.0,20,1,12,8,0,0,12,0,0,0,0,0,0,0,0,0,0,0,68,257,0,20,0,0,0,0,222,67,5,39,4,0,0,0,67,1,0,1,1,1,1
12,26,1,37,78,0.0,0.0,13,0,13,0,0,0,13,0,0,0,0,0,0,0,0,0,0,0,56,229,0,13,0,0,0,0,258,59,5,43,3,1,0,0,60,1,0,1,1,1,1
7,58,1,41,378,0.0,0.0,28,0,26,2,0,0,26,0,0,0,0,0,0,0,0,0,0,0,8,307,2,20,0,23,6,7,136,73,32,68,6,0,0,0,77,1,0,1,1,1,1
6,2,1,10,1,0.0,0.0,2,0,2,0,0,0,2,0,0,0,0,0,0,0,0,0,0,0,0,21,0,0,0,0,0,0,11,2,0,2,0,0,0,0,11,1,0,1,1,0,0
34,20,2,81,0,0.0,0.0,4,2,3,1,0,0,3,0,0,0,2,2,0,2,0,0,2,0,26,121,1,14,0,1,0,10,14,45,5,46,3,2,0,1,77,1,0,1,1,1,1
34,87,1,118,496,0.0,0.0,32,16,14,18,0,0,14,0,0,0,0,0,0,0,0,0,0,0,211,558,17,40,9,0,9,105,302,156,17,133,2,9,1,0,163,1,0,1,1,1,1
9,15,1,14,0,0.0,0.0,15,1,15,0,0,0,15,0,0,0,1,0,0,1,0,0,1,0,53,121,0,0,0,0,11,43,23,25,11,25,0,0,0,0,36,1,0,1,0,0,0
33,26,3,57,77,0.0,0.0,18,9,9,9,0,0,9,0,0,0,8,7,0,8,0,0,4,0,133,420,9,5,5,2,1,59,109,102,2,52,1,14,1,0,118,1,0,1,0,1,1
3,4,1,5,1,0.0,0.0,2,0,2,0,0,0,2,0,0,0,0,0,0,0,0,0,0,0,0,18,0,0,2,0,0,4,0,8,0,8,0,0,0,0,17,1,0,1,1,0,0
78,61,2,185,9,0.0,0.0,34,1,24,10,0,0,25,0,0,0,11,11,0,11,0,0,11,0,234,588,3,14,4,10,4,338,167,186,8,186,4,1,1,17,308,1,0,0,0,0,0
8,7,2,17,3,0.0,0.0,3,0,3,0,0,0,3,0,0,0,0,0,0,0,0,0,0,0,7,41,0,0,3,0,0,18,22,16,0,12,0,0,0,0,45,1,0,1,1,0,0
17,20,1,56,21,0.0,0.0,7,4,4,1,0,2,6,0,0,0,0,0,0,0,0,0,0,0,70,130,2,7,1,1,3,1,95,38,3,28,5,0,0,0,60,1,0,1,1,1,1
17,20,1,56,21,0.0,0.0,7,4,4,1,0,2,6,0,0,0,0,0,0,0,0,0,0,0,70,130,2,7,1,1,3,1,95,38,3,28,5,0,0,0,60,1,0,1,0,1,1
27,117,2,86,1419,0.0,0.0,54,2,49,5,0,0,49,0,0,0,2,1,0,2,0,0,2,0,183,713,1,18,2,20,7,790,497,54,142,44,3,0,0,3,299,1,0,1,1,1,1
27,117,2,86,1419,0.0,0.0,54,2,49,5,0,0,49,0,0,0,2,1,0,2,0,0,2,0,183,713,1,18,2,20,7,790,497,54,142,44,3,0,0,3,299,1,0,1,0,1,1
16,21,3,41,89,0.0,0.0,14,8,6,7,1,0,7,0,0,0,1,0,0,1,0,0,0,0,48,279,3,3,0,4,0,0,86,30,0,26,1,0,1,0,61,1,0,1,1,0,1
12,19,1,34,35,0.0,0.0,11,3,9,2,0,0,9,0,0,0,4,4,0,0,0,4,0,0,50,108,1,4,0,3,0,0,62,32,2,25,1,0,0,0,65,1,0,1,0,1,1
33,63,2,74,171,0.0,0.0,19,4,12,5,2,0,14,0,0,0,0,0,0,0,0,0,0,0,150,260,6,28,12,6,6,100,179,108,13,80,4,0,0,1,145,1,0,1,0,1,1
39,12,2,54,26,0.0,0.0,8,4,4,4,0,0,4,0,0,0,3,3,0,3,0,0,3,0,66,436,2,3,0,3,0,3,104,42,3,34,1,2,3,0,120,1,0,1,1,1,1
32,11,2,93,39,0.0,0.0,10,0,10,0,0,0,10,0,0,0,1,1,0,1,0,0,1,0,100,115,0,1,0,0,0,229,30,53,26,52,1,0,0,0,157,1,0,1,1,1,1
19,23,1,59,55,0.0,0.0,11,1,5,6,0,0,5,0,0,0,0,0,0,0,0,0,0,0,38,88,4,3,1,1,1,13,4,17,3,19,2,1,0,2,93,1,0,1,1,1,1
26,70,3,94,253,0.0,0.0,23,0,17,6,0,0,17,0,0,0,0,0,0,0,0,0,0,0,40,405,5,41,0,6,0,75,98,135,6,116,3,0,1,4,167,1,0,1,0,1,1
40,66,1,95,255,0.0,0.0,34,2,27,4,3,0,30,0,0,0,15,15,15,0,0,0,15,0,106,476,5,5,1,36,0,59,76,143,7,135,2,0,0,0,162,1,0,1,0,1,1
26,11,1,34,0,0.0,0.0,10,5,6,4,0,0,6,0,0,0,9,9,0,9,0,0,5,0,33,68,4,0,0,1,0,6,8,14,2,17,1,0,0,2,81,1,0,1,0,0,0
16,6,1,19,4,0.0,0.0,4,3,2,2,0,0,2,0,0,0,3,1,0,3,0,0,2,0,19,33,2,2,0,2,0,5,10,9,0,9,2,0,0,0,37,1,0,1,1,0,0
8,2,1,7,1,0.0,0.0,2,0,2,0,0,0,2,0,0,0,0,0,0,0,0,0,0,0,2,26,0,0,0,0,0,0,3,6,0,6,0,2,0,0,27,1,0,1,1,0,0
21,9,1,38,0,0.0,0.0,6,1,4,2,0,0,4,0,0,0,6,6,4,2,0,0,4,0,12,55,2,2,0,1,0,6,11,21,0,20,2,0,0,0,70,1,0,1,1,0,0
31,13,1,56,15,0.0,0.0,10,4,4,6,0,0,4,0,0,0,6,3,0,6,0,0,3,0,38,113,5,1,0,2,0,10,8,31,0,30,1,1,0,5,111,1,0,1,0,0,1
30,11,2,56,9,0.0,0.0,7,1,6,1,0,0,6,0,0,0,4,4,2,2,0,0,2,0,26,78,1,1,0,0,0,8,9,27,0,26,1,1,1,0,79,1,0,1,1,0,0
36,6,1,60,4,0.0,0.0,5,1,3,2,0,0,3,0,0,0,7,7,4,3,0,0,4,0,19,82,2,1,0,2,0,7,15,31,0,31,1,2,0,0,111,1,0,1,1,0,1
2,2,1,3,1,0.0,0.0,2,0,2,0,0,0,2,0,0,0,0,0,0,0,0,0,0,0,14,20,0,0,0,0,0,28,0,0,0,0,0,0,0,0,11,1,0,1,0,0,0
6,14,1,14,0,0.0,0.0,11,1,10,1,0,0,10,0,0,0,1,0,0,1,0,0,1,0,67,102,0,2,1,0,0,28,222,28,3,19,1,0,0,0,49,1,0,1,0,1,0
13,17,1,53,21,0.0,0.0,7,0,6,1,0,0,6,0,0,0,0,0,0,0,0,0,0,0,20,115,0,9,0,1,0,43,24,35,7,35,2,4,0,0,51,1,0,1,1,1,0
6,17,1,9,1,,,2,0,1,1,0,0,1,0,0,0,0,0,0,0,0,0,0,0,18,63,1,2,2,0,1,33,31,38,4,10,1,0,0,0,42,1,0,0,0,1,1
3,2,1,1,1,0.0,0.0,2,0,2,0,0,0,2,0,0,0,2,2,0,2,0,0,2,0,0,10,0,0,0,0,0,2,0,2,0,2,0,0,0,0,20,1,0,0,0,0,0
5,1,1,10,0,,,1,0,1,0,0,0,1,0,0,0,0,0,0,0,0,0,0,0,1,11,0,0,0,0,0,1,0,3,0,4,1,0,0,1,16,1,0,1,0,0,0
7,6,2,24,10,0.0,0.0,5,1,2,3,0,0,2,0,0,0,0,0,0,0,0,0,0,0,17,33,1,1,0,0,1,0,24,10,3,9,1,0,0,0,35,1,0,1,1,0,0
27,41,1,63,56,0.0,0.0,13,2,10,3,0,0,12,0,0,0,5,5,0,5,0,0,5,0,44,204,1,8,8,5,0,89,87,59,9,48,3,1,0,0,124,1,0,1,1,1,1
6,7,1,23,21,0.0,0.0,7,0,7,0,0,0,7,0,0,0,0,0,0,0,0,0,0,0,1,35,0,0,0,0,0,3,3,8,0,9,0,0,0,4,33,1,0,1,0,0,0
10,88,1,42,160,0.0,0.0,20,9,13,4,0,3,16,0,0,0,2,1,0,1,0,1,1,0,50,276,32,13,38,0,56,16,148,82,51,62,4,1,0,0,101,1,1,1,1,1,1
7,20,1,8,6,0.0,0.0,4,1,4,0,0,0,4,0,0,0,0,0,0,0,0,0,0,0,17,53,0,1,11,2,2,13,0,10,0,2,1,0,0,0,26,1,0,1,0,1,1
7,39,1,24,15,0.0,0.0,10,3,6,4,0,0,6,0,0,0,1,0,0,0,0,1,0,0,67,90,12,3,12,0,16,2,64,30,23,22,3,0,0,0,50,1,0,1,0,1,0
26,40,1,53,18,0.0,0.0,13,1,10,3,0,0,12,0,0,0,6,6,0,6,0,0,5,0,50,231,2,4,10,5,11,103,133,63,15,53,3,0,0,0,116,1,0,0,1,1,1
2,4,1,8,0,0.0,0.0,3,0,3,0,0,0,3,0,0,0,6,6,0,6,0,0,2,0,1,44,0,1,0,0,0,5,9,25,2,19,1,0,0,0,35,1,0,1,0,1,0
4,9,2,8,1,0.0,0.0,2,0,2,0,0,0,2,0,0,0,0,0,0,0,0,0,0,0,6,34,0,0,2,0,1,14,43,15,4,4,0,0,0,0,58,1,0,0,0,0,0
4,5,1,3,0,,,1,0,1,0,0,0,1,0,0,0,0,0,0,0,0,0,0,0,7,9,0,0,0,0,0,0,10,1,0,1,0,0,0,0,12,1,0,0,0,0,0
14,18,2,66,136,0.0,0.0,17,12,6,11,0,0,6,0,0,0,0,0,0,0,0,0,0,0,50,116,2,0,0,1,0,5,27,29,6,30,1,0,1,1,97,1,0,1,0,0,0
52,70,2,133,118,0.0,0.0,20,10,10,10,0,0,11,0,0,0,6,6,0,2,0,4,6,0,60,372,8,25,13,11,6,34,118,127,25,112,5,2,0,0,169,1,0,1,1,1,1
15,21,1,27,15,0.0,0.0,15,1,12,3,0,0,12,0,0,0,2,0,0,2,0,0,0,0,47,94,1,5,0,1,0,22,4,20,1,18,1,0,0,0,80,1,0,0,0,1,0
2,13,1,14,45,0.0,0.0,10,0,10,0,0,0,10,0,0,0,0,0,0,0,0,0,0,0,18,60,1,0,3,0,0,0,32,25,2,29,1,0,0,1,28,1,0,1,1,0,0
24,11,1,35,3,0.0,0.0,6,3,6,0,0,0,7,0,0,0,3,3,0,0,0,3,3,0,47,67,4,2,1,0,0,6,130,22,0,10,1,1,0,0,36,1,0,1,0,0,1
39,33,1,63,316,0.0,0.0,29,8,12,17,0,0,12,0,0,0,7,2,0,7,0,0,2,0,56,247,13,2,0,1,1,8,83,61,11,61,1,0,0,0,126,1,0,1,0,0,1
9,2,1,14,1,0.0,0.0,2,0,2,0,0,0,2,0,0,0,0,0,0,0,0,0,0,0,3,23,0,0,0,0,0,14,0,9,0,9,0,0,0,0,29,1,0,1,1,0,0
38,29,1,72,49,0.0,0.0,23,3,9,14,0,0,9,0,0,0,5,4,0,5,0,0,1,0,46,181,15,3,1,2,2,3,39,55,2,57,3,2,0,5,91,1,0,1,1,1,0
13,11,1,45,4,0.0,0.0,4,1,4,0,0,0,4,0,0,0,2,2,1,1,0,0,2,0,21,94,0,6,0,1,1,37,52,28,2,25,1,0,0,0,98,1,0,1,0,1,1
21,24,2,54,3,0.0,0.0,6,1,6,0,0,0,6,0,0,0,2,2,1,1,0,0,2,0,67,187,1,10,4,4,6,59,69,54,10,47,2,0,0,0,128,1,0,1,1,1,1
21,9,1,39,0,0.0,0.0,8,2,7,1,0,0,7,0,0,0,5,5,0,5,0,0,5,0,32,54,0,1,0,1,0,10,9,13,0,13,1,0,0,0,56,1,0,1,0,1,0
41,40,4,99,93,0.0,0.0,18,5,9,8,0,1,10,0,0,0,5,5,0,5,0,0,3,0,59,310,5,14,3,1,3,11,53,85,10,75,5,0,4,4,193,1,3,1,1,1,1
18,6,2,39,9,0.0,0.0,6,1,3,3,0,0,3,0,0,0,3,3,0,3,0,0,3,0,18,84,0,0,0,4,1,13,16,27,7,25,1,0,0,0,68,1,0,1,1,0,1
15,16,3,47,120,0.0,0.0,16,0,16,0,0,0,16,0,0,0,0,0,0,0,0,0,0,0,52,177,0,0,0,4,0,0,26,52,0,51,1,0,0,1,93,1,0,1,0,0,1
8,2,2,11,1,0.0,0.0,2,0,2,0,0,0,2,0,0,0,0,0,0,0,0,0,0,0,6,15,0,0,0,0,0,1,4,7,0,8,0,0,0,1,27,1,0,1,1,0,0
32,39,5,83,139,0.0,0.0,23,1,12,7,0,4,17,0,0,0,9,8,0,6,0,3,8,0,39,256,9,8,0,8,0,49,45,71,17,87,4,0,2,16,150,1,0,1,1,1,0
14,18,2,35,10,0.0,0.0,5,0,4,1,0,0,4,0,0,0,0,0,0,0,0,0,0,0,1,83,0,5,4,2,0,9,32,24,4,23,2,0,0,1,74,1,0,1,1,1,1
23,24,2,39,15,0.0,0.0,10,2,6,4,0,0,6,0,0,0,3,3,0,3,0,0,3,0,14,131,2,8,2,2,0,8,33,50,7,48,3,1,0,0,100,1,0,1,0,1,1
28,15,2,54,21,0.0,0.0,7,0,7,0,0,0,7,0,0,0,0,0,0,0,0,0,0,0,7,140,0,7,0,3,0,21,21,37,6,43,3,0,1,8,107,1,0,1,0,1,1
13,17,2,30,55,0.0,0.0,11,1,5,6,0,0,5,0,0,0,0,0,0,0,0,0,0,0,19,91,4,3,1,2,0,3,151,16,0,16,1,0,0,0,58,1,0,1,1,1,1
42,100,1,133,0,0.0,0.0,19,5,15,4,0,0,15,0,0,0,5,3,0,5,0,0,3,0,111,472,5,54,13,2,4,45,251,175,28,169,5,0,0,11,237,1,3,1,1,1,1
20,22,2,61,8,0.0,0.0,8,1,8,0,0,0,8,0,0,0,2,2,1,1,0,0,2,0,77,201,0,10,0,4,4,77,110,61,9,47,2,0,0,0,123,1,0,1,1,1,1
23,9,1,32,0,0.0,0.0,5,2,4,1,0,0,4,0,0,0,2,2,0,2,0,0,0,0,19,77,0,1,1,2,0,13,11,15,0,14,3,0,0,0,71,1,0,1,1,1,1
10,9,1,32,0,0.0,0.0,9,1,9,0,0,0,9,0,0,0,7,7,0,7,0,0,7,0,263,376,0,0,0,0,0,0,728,75,159,30,0,0,0,0,54,1,0,1,1,0,1
2,1,1,4,0,,,1,0,1,0,0,0,1,0,0,0,0,0,0,0,0,0,0,0,8,12,0,0,0,0,0,9,8,1,0,1,0,0,0,0,16,1,0,1,0,0,0
11,1,1,15,0,,,1,0,1,0,0,0,1,0,0,0,0,0,0,0,0,0,0,0,1,87,0,0,0,0,0,7,3,9,0,7,0,2,0,0,28,1,0,1,1,0,1
11,13,1,19,36,0.0,0.0,9,4,4,5,0,0,4,0,0,0,0,0,0,0,0,0,0,0,377,200,4,4,0,0,0,0,600,83,0,20,1,0,0,0,53,1,0,1,1,0,1
29,42,1,56,0,0.0,0.0,24,4,20,4,0,0,20,0,0,0,13,1,1,12,0,0,12,0,169,352,1,2,2,1,0,82,7,34,0,45,3,0,0,10,81,1,0,1,1,1,1
31,36,1,70,55,0.0,0.0,15,4,9,4,2,0,12,0,0,0,11,11,11,0,0,0,11,0,82,212,4,8,0,0,10,33,68,65,1,59,2,2,0,0,118,1,0,1,0,1,1
16,9,3,26,0,0.0,0.0,6,1,5,1,0,0,5,0,0,0,3,0,0,3,0,0,0,0,8,54,0,1,1,0,0,10,6,14,1,13,2,0,1,0,59,1,0,1,0,0,0
20,65,1,107,376,0.0,0.0,29,15,9,20,0,0,10,0,0,0,1,1,0,1,0,0,1,0,84,317,10,22,0,4,0,10,114,78,17,74,2,0,1,1,112,1,0,1,1,1,1
38,11,1,66,0,0.0,0.0,9,1,7,2,0,0,7,0,0,0,6,2,0,6,0,0,2,0,23,106,0,1,1,1,2,59,57,37,1,36,2,0,0,0,93,1,0,1,1,1,1
45,45,1,99,0,0.0,0.0,19,3,15,4,0,0,15,0,0,0,2,2,0,2,0,0,2,0,145,343,3,21,2,2,0,67,233,154,13,111,2,0,0,2,122,1,0,1,0,1,1
14,17,5,30,0,0.0,0.0,15,0,9,6,0,0,9,0,0,0,2,0,0,2,0,0,1,0,11,125,4,0,0,1,0,5,1,29,1,29,2,0,1,0,66,1,0,1,1,0,0
20,7,1,38,1,0.0,0.0,7,1,5,2,0,0,5,0,0,0,3,3,0,3,0,0,3,0,55,87,0,0,0,0,0,76,49,29,0,26,0,0,0,0,56,1,0,1,1,0,1
14,18,2,42,37,0.0,0.0,11,1,9,2,0,0,9,0,0,0,3,1,0,3,0,0,1,0,7,147,1,2,2,0,1,129,8,50,53,22,2,0,0,1,71,1,0,1,0,1,1
9,16,2,37,49,0.0,0.0,11,4,8,3,0,0,8,0,0,0,4,3,0,4,0,0,3,0,27,101,0,3,0,4,0,20,0,25,1,23,3,0,0,1,75,1,0,1,0,1,0
15,65,1,82,573,0.0,0.0,51,21,26,25,0,0,26,0,0,0,1,1,0,1,0,0,1,0,242,464,19,6,4,4,0,24,442,106,24,99,3,0,0,8,165,1,0,1,1,1,1
2,2,1,4,1,0.0,0.0,2,0,2,0,0,0,2,0,0,0,0,0,0,0,0,0,0,0,0,14,0,0,0,0,0,0,0,0,0,0,0,0,0,0,8,1,0,1,0,0,0
28,68,1,117,153,0.0,0.0,26,6,17,9,0,0,17,0,0,0,5,5,0,5,0,0,4,0,80,386,6,24,2,2,2,69,45,113,21,102,3,6,0,0,204,1,0,1,1,1,1
11,11,2,21,6,0.0,0.0,4,0,4,0,0,0,4,0,0,0,0,0,0,0,0,0,0,0,55,95,0,7,0,0,0,92,18,15,4,12,1,0,0,0,46,1,0,1,0,1,1
22,19,1,39,3,0.0,0.0,10,9,2,8,0,0,2,0,0,0,4,4,0,4,0,0,3,0,27,87,6,4,0,0,2,4,24,33,9,30,2,0,0,1,65,1,1,1,0,1,0
32,20,2,42,0,0.0,0.0,16,7,13,3,0,0,13,0,0,0,3,1,0,0,0,3,0,0,55,97,6,3,0,2,1,7,57,14,0,16,4,1,0,2,93,1,0,0,0,0,0
34,11,1,54,1,0.0,0.0,7,1,6,1,0,0,6,0,0,0,3,3,0,3,0,0,3,0,35,86,1,3,1,1,1,41,20,41,7,33,2,0,0,0,86,1,0,1,1,1,1
24,5,1,44,0,0.0,0.0,1,0,1,0,0,0,2,0,0,0,1,1,0,1,0,0,0,0,17,64,1,3,0,4,1,9,12,34,0,35,4,0,0,3,60,1,0,1,0,1,1
16,4,1,22,6,0.0,0.0,4,1,4,0,0,0,4,0,0,0,0,0,0,0,0,0,0,0,32,61,0,0,0,0,0,53,0,13,0,13,0,0,0,0,38,1,0,1,0,0,0
10,3,2,19,0,,,1,0,1,0,0,0,1,0,0,0,1,1,0,1,0,0,1,0,5,38,0,2,0,0,0,13,34,10,6,10,2,0,1,0,56,1,0,0,0,0,0
25,18,3,28,108,0.0,0.0,16,2,9,7,0,0,9,0,0,0,4,2,0,4,0,0,2,0,16,107,5,2,0,2,1,44,106,32,0,32,3,1,1,0,76,17,0,1,0,0,0
42,23,1,99,0,0.0,0.0,14,1,12,2,0,0,12,0,0,0,5,5,5,0,0,0,5,0,47,184,0,5,3,0,2,90,52,56,4,52,4,1,0,0,132,1,0,1,1,1,1
22,24,2,35,45,0.0,0.0,10,2,7,1,0,2,9,0,0,0,0,0,0,0,0,0,0,0,12,129,2,10,2,0,0,19,23,40,19,40,3,0,1,0,120,1,0,1,1,1,0
58,74,2,163,950,0.0,0.0,48,5,35,5,8,0,43,0,0,0,9,7,0,5,2,2,5,0,135,508,17,9,9,16,6,93,101,135,26,130,5,0,1,14,279,1025,0,0,0,0,0
20,40,2,59,78,0.0,0.0,13,1,9,4,0,0,9,0,0,0,1,1,0,1,0,0,1,0,51,245,3,14,1,8,2,46,34,44,21,41,3,0,1,0,150,1,1,0,0,0,0
10,12,3,14,55,0.0,0.0,11,2,10,1,0,0,10,0,0,0,0,0,0,0,0,0,0,0,12,116,1,1,0,0,3,0,29,33,13,32,1,0,2,0,68,1,0,1,1,1,1
12,18,1,30,0,0.0,0.0,16,0,15,1,0,0,15,0,0,0,6,1,0,1,0,5,1,0,36,178,0,1,0,1,0,22,71,60,7,47,1,0,0,0,109,1,0,1,1,1,0
7,9,1,24,15,0.0,0.0,6,0,6,0,0,0,6,0,0,0,1,1,0,1,0,0,1,0,19,46,0,3,0,0,0,5,33,11,6,11,1,0,0,0,33,1,0,1,1,1,1
64,62,5,129,251,0.0,0.0,39,6,31,6,2,0,33,0,0,0,14,12,11,3,0,0,12,0,142,452,1,10,3,11,2,117,100,116,17,105,3,0,2,0,277,1,0,1,0,1,1
26,39,1,55,166,0.0,0.0,25,7,12,13,0,0,13,0,0,0,5,5,0,5,0,0,5,0,147,209,12,2,7,2,1,71,172,58,16,51,3,0,1,0,154,1,0,1,1,1,1
13,15,1,17,55,0.0,0.0,11,5,7,4,0,0,7,0,0,0,0,0,0,0,0,0,0,0,108,98,4,3,0,0,0,0,192,20,1,18,1,0,0,0,43,1,0,1,1,0,0
4,4,1,11,6,0.0,0.0,4,2,2,2,0,0,2,0,0,0,0,0,0,0,0,0,0,0,47,53,0,0,0,0,0,0,54,20,8,4,0,0,0,0,22,1,0,0,1,0,1
22,32,1,78,165,0.0,0.0,19,2,17,2,0,0,17,0,0,0,6,5,1,5,0,0,3,0,60,183,0,3,3,1,0,9,40,47,8,45,3,1,0,0,133,1,0,1,1,1,1
8,6,1,17,3,0.0,0.0,3,0,2,1,0,0,2,0,0,0,0,0,0,0,0,0,0,0,8,40,0,2,0,2,0,6,12,13,0,13,2,0,0,0,31,1,0,1,1,1,1
5,36,1,19,0,0.0,0.0,23,0,22,1,0,0,22,0,0,0,1,0,0,1,0,0,1,0,1,157,0,11,2,0,2,1,60,17,2,16,3,0,3,0,69,1,0,1,1,1,1
8,4,1,23,6,0.0,0.0,4,1,4,0,0,0,4,0,0,0,0,0,0,0,0,0,0,0,12,129,0,0,0,8,0,0,33,32,8,35,2,0,0,14,37,1,0,1,0,0,1
12,24,1,31,30,0.0,0.0,16,0,15,1,0,0,15,0,0,0,3,0,0,3,0,0,0,0,3,136,1,2,1,1,1,2,40,29,3,18,3,0,1,1,84,1,0,1,1,0,0
2,2,1,3,0,,,1,0,1,0,0,0,1,0,0,0,0,0,0,0,0,0,0,0,2,5,0,1,0,0,0,0,0,0,0,0,1,0,0,0,7,1,0,1,0,1,0
3,3,1,6,1,0.0,0.0,2,0,2,0,0,0,2,0,0,0,0,0,0,0,0,0,0,0,3,17,0,0,0,0,1,0,4,7,2,7,0,0,0,0,22,1,0,1,0,0,0
4,14,1,10,0,0.0,0.0,9,0,9,0,0,0,9,0,0,0,1,0,0,1,0,0,1,0,0,58,0,5,0,0,0,0,21,8,0,7,1,0,1,0,28,1,0,1,0,1,1
6,9,1,15,36,0.0,0.0,9,0,9,0,0,0,9,0,0,0,0,0,0,0,0,0,0,0,13,117,0,0,0,1,0,0,70,22,0,22,1,0,0,0,36,1,0,1,1,0,0
9,2,1,12,0,0.0,0.0,1,0,1,0,0,0,2,0,0,0,0,0,0,0,0,0,0,0,1,51,0,0,0,1,0,0,42,6,0,3,1,0,0,0,19,1,0,1,1,0,1
16,16,1,22,0,0.0,0.0,9,1,9,0,0,0,9,0,0,0,5,4,0,3,0,2,4,0,8,61,0,6,1,0,0,6,7,10,0,10,1,1,0,1,58,1,0,1,0,1,0
9,10,1,21,28,0.0,0.0,8,0,5,3,0,0,5,0,0,0,0,0,0,0,0,0,0,0,5,99,0,1,0,2,0,0,48,13,1,13,2,0,1,0,51,1,0,1,1,1,0
13,7,1,33,10,0.0,0.0,5,0,3,2,0,0,4,0,0,0,0,0,0,0,0,0,0,0,5,93,1,0,0,2,0,3,54,17,2,15,2,0,0,1,46,1,0,1,1,1,1
12,21,1,16,30,0.0,0.0,13,1,10,3,0,0,10,0,0,0,11,2,0,11,0,0,2,0,14,134,4,4,0,0,0,7,19,22,14,21,2,0,2,0,71,1,0,1,0,1,0
8,11,2,15,55,0.0,0.0,11,2,10,1,0,0,10,0,0,0,0,0,0,0,0,0,0,0,20,63,0,0,0,0,0,4,5,2,0,7,0,0,1,5,39,1,0,1,1,0,0
8,14,3,6,15,0.0,0.0,6,0,5,1,0,0,5,0,0,0,0,0,0,0,0,0,0,0,0,20,1,8,0,0,0,0,4,0,0,0,3,0,0,0,26,1,0,0,0,1,0
8,8,1,18,21,0.0,0.0,7,1,6,1,0,0,6,0,0,0,0,0,0,0,0,0,0,0,10,74,1,0,0,4,0,0,75,15,0,14,1,0,0,0,41,1,0,1,1,0,0
21,18,1,80,91,0.0,0.0,14,3,9,5,0,0,9,0,0,0,0,0,0,0,0,0,0,0,23,133,0,2,4,5,0,0,20,29,4,29,2,1,0,2,73,1,0,1,0,1,0
13,3,1,19,3,0.0,0.0,3,1,3,0,0,0,3,0,0,0,0,0,0,0,0,0,0,0,12,23,0,0,0,0,0,0,3,4,0,5,1,0,0,1,31,1,0,1,1,0,0
8,13,3,6,15,0.0,0.0,6,0,5,1,0,0,5,0,0,0,0,0,0,0,0,0,0,0,0,20,1,7,0,0,0,0,0,0,0,0,3,0,0,0,27,1,0,0,0,1,0
5,14,1,12,0,0.0,0.0,4,0,4,0,0,0,4,0,0,0,1,1,0,1,0,0,0,0,29,57,0,4,2,0,0,85,0,7,4,7,3,0,0,0,31,1,0,1,0,1,1
11,2,1,18,1,0.0,0.0,2,1,2,0,0,0,2,0,0,0,0,0,0,0,0,0,0,0,10,29,0,0,0,1,1,10,4,0,1,0,1,0,0,0,16,1,0,1,1,0,1
11,2,1,18,1,0.0,0.0,2,1,2,0,0,0,2,0,0,0,0,0,0,0,0,0,0,0,10,29,0,0,0,1,1,10,4,0,1,0,1,0,0,0,16,1,0,0,0,1,0
6,6,3,14,0,0.0,0.0,3,0,3,0,0,0,3,0,0,0,1,1,0,1,0,0,1,0,4,71,0,3,0,3,0,46,45,32,30,27,2,0,0,4,54,1,0,1,1,0,1
6,6,3,14,0,0.0,0.0,3,0,3,0,0,0,3,0,0,0,1,1,0,1,0,0,1,0,4,71,0,3,0,3,0,46,45,32,30,27,2,0,0,4,54,1,0,0,0,1,0
30,12,1,49,36,0.0,0.0,9,4,6,3,0,0,6,0,0,0,2,2,0,2,0,0,2,0,47,73,0,3,0,0,0,21,8,28,0,27,2,0,0,0,92,1,0,1,0,1,0
3,3,1,6,3,0.0,0.0,3,0,3,0,0,0,3,0,0,0,0,0,0,0,0,0,0,0,10,18,0,0,0,0,0,12,0,0,0,0,0,0,0,0,19,1,0,1,0,0,0
41,35,1,101,109,0.0,0.0,19,1,18,1,0,0,18,0,0,0,8,7,1,7,0,0,7,0,119,255,3,8,0,5,0,131,36,84,8,81,3,0,0,1,159,1,0,1,1,1,1
5,28,1,10,136,0.0,0.0,17,0,16,1,0,0,16,0,0,0,0,0,0,0,0,0,0,0,47,127,1,0,11,0,12,49,28,66,2,24,0,0,0,0,51,1,0,0,1,0,1
2,1,1,2,0,,,1,0,1,0,0,0,1,0,0,0,0,0,0,0,0,0,0,0,0,17,0,0,0,0,0,12,1,7,9,2,0,0,0,0,14,1,0,1,0,0,0
5,16,1,24,30,0.0,0.0,9,0,9,0,0,0,10,0,0,0,4,3,0,4,0,0,1,0,13,70,0,2,1,1,1,24,6,27,8,24,3,0,0,0,60,1,0,0,1,1,0
3,17,1,11,33,0.0,0.0,10,0,8,2,0,0,8,0,0,0,5,5,5,0,0,0,5,0,17,166,0,2,0,3,0,112,39,17,81,15,2,0,0,0,87,1,0,1,1,1,1
22,65,2,89,756,0.0,0.0,49,2,37,12,0,0,37,0,0,0,1,1,0,1,0,0,0,0,54,398,6,5,1,10,0,58,119,50,9,45,3,3,0,12,161,1,0,1,1,1,1
34,13,1,47,24,0.0,0.0,8,1,7,1,0,0,7,0,0,0,3,2,0,3,0,0,3,0,18,106,1,1,2,0,1,5,24,25,1,21,1,1,1,0,82,1,0,1,0,0,0
22,14,1,60,13,0.0,0.0,6,4,3,2,0,1,4,0,0,0,5,5,0,5,0,0,5,0,26,107,3,7,0,2,1,6,18,33,10,30,2,0,1,0,99,1,0,1,0,1,1
44,18,1,74,0,0.0,0.0,13,5,9,4,0,0,9,0,0,0,4,4,0,4,0,0,4,0,89,161,3,3,2,2,0,24,19,60,11,59,1,0,0,0,111,1,0,1,1,1,1
8,11,1,40,45,0.0,0.0,10,4,6,4,0,0,6,0,0,0,0,0,0,0,0,0,0,0,29,99,2,0,0,3,0,16,9,38,0,33,2,0,0,0,75,1,0,1,0,0,0
9,5,1,14,0,0.0,0.0,2,1,2,0,0,0,2,0,0,0,1,1,0,0,0,1,0,0,4,18,0,2,0,0,0,5,4,5,0,7,2,0,0,3,30,1,0,1,0,1,0
18,9,1,45,34,0.0,0.0,9,5,4,5,0,0,4,0,0,0,5,5,0,5,0,0,5,0,48,120,1,0,0,5,0,16,23,42,13,40,2,0,0,0,78,1,0,1,1,0,0
26,16,1,52,40,0.0,0.0,12,2,5,7,0,0,5,0,0,0,4,4,0,4,0,0,2,0,37,132,2,3,1,6,0,7,23,32,7,28,4,1,0,0,81,1,0,0,0,0,0
19,3,1,21,0,0.0,0.0,3,1,3,0,0,0,3,0,0,0,2,2,0,2,0,0,2,0,14,48,0,0,0,2,0,10,5,23,4,23,1,0,0,0,52,1,0,1,1,0,1
13,5,1,53,6,0.0,0.0,4,1,4,0,0,0,4,0,0,0,0,0,0,0,0,0,0,0,14,137,0,1,0,9,0,10,34,26,3,22,1,0,0,0,42,1,0,1,1,1,1
15,9,2,9,28,0.0,0.0,9,1,8,0,1,0,9,0,0,0,2,2,0,2,0,0,0,0,12,105,1,0,0,0,0,8,12,39,0,39,0,0,0,0,94,1,0,1,0,0,0
4,10,1,21,6,0.0,0.0,4,0,3,1,0,0,3,0,0,0,0,0,0,0,0,0,0,0,5,53,3,4,0,1,0,2,14,8,1,11,2,0,0,3,43,1,0,1,1,1,0
29,35,2,75,102,0.0,0.0,21,2,14,7,0,0,14,0,0,0,3,3,0,3,0,0,3,0,44,234,5,1,1,17,0,31,26,34,6,34,3,0,0,12,152,1,0,1,1,0,1
6,13,1,22,15,0.0,0.0,6,1,6,0,0,0,6,0,0,0,0,0,0,0,0,0,0,0,15,82,0,3,0,3,0,3,2,1,0,2,2,0,0,1,26,1,0,1,1,1,1
5,2,2,4,1,0.0,0.0,2,0,1,0,1,0,2,0,0,0,0,0,0,0,0,0,0,0,0,10,1,0,0,0,0,0,0,2,0,2,0,0,0,0,13,1,0,1,1,0,0
4,2,2,3,1,0.0,0.0,2,0,1,0,1,0,2,0,0,0,0,0,0,0,0,0,0,0,0,10,1,0,0,0,0,2,0,2,0,2,0,0,0,0,20,1,0,1,1,0,0
5,8,1,16,0,0.0,0.0,5,0,5,0,0,0,5,0,0,0,2,1,0,2,0,0,1,0,11,44,0,1,1,0,0,4,5,16,0,13,1,0,0,0,46,1,0,1,1,1,0
9,17,1,18,10,0.0,0.0,5,0,3,2,0,0,3,0,0,0,0,0,0,0,0,0,0,0,5,49,1,4,0,0,0,1,6,15,2,12,2,0,0,0,30,1,0,1,0,1,0
5,1,1,5,0,,,1,0,1,0,0,0,1,0,0,0,0,0,0,0,0,0,0,0,3,15,0,0,0,0,0,9,1,6,0,6,0,0,0,0,22,1,0,1,0,0,0
3,8,1,8,0,0.0,0.0,8,0,8,0,0,0,8,0,0,0,1,1,0,1,0,0,1,0,17,79,0,0,0,8,0,10,4,1,0,1,1,0,0,0,23,1,0,1,1,0,0
9,59,1,58,223,0.0,0.0,23,2,23,0,0,0,23,0,0,0,2,2,0,0,0,2,0,0,101,371,1,2,8,18,4,51,87,99,32,36,4,0,1,0,135,1,0,1,1,1,1
27,51,1,46,820,0.0,0.0,41,18,24,17,0,0,24,0,0,0,0,0,0,0,0,0,0,0,862,1220,12,7,1,0,2,13,697,615,5,196,1,0,1,0,140,1,0,1,1,0,1
3,11,1,14,45,0.0,0.0,10,0,9,1,0,0,9,0,0,0,0,0,0,0,0,0,0,0,118,122,1,0,0,1,0,182,118,2,28,2,1,0,0,0,72,1,0,1,1,0,0
29,42,2,78,782,0.0,0.0,41,1,9,32,0,0,9,0,0,0,5,1,0,1,0,4,1,0,68,277,4,1,0,0,0,220,0,104,20,99,1,0,0,0,160,1,0,0,1,0,1
9,14,1,29,19,0.0,0.0,14,1,13,1,0,0,13,0,0,0,6,6,0,6,0,0,6,0,42,83,1,0,0,0,1,4,11,39,4,39,0,0,0,0,49,1,0,1,0,0,0
7,13,2,15,78,0.0,0.0,13,0,11,2,0,0,11,0,0,0,0,0,0,0,0,0,0,0,403,267,2,0,0,0,0,593,637,13,50,2,0,0,0,0,136,1,0,0,0,0,1
4,7,2,21,21,0.0,0.0,7,0,7,0,0,0,7,0,0,0,0,0,0,0,0,0,0,0,61,63,0,0,0,0,0,201,99,7,28,7,0,0,0,0,107,1,0,0,0,0,1
17,9,3,26,6,0.0,0.0,4,0,4,0,0,0,4,0,0,0,0,0,0,0,0,0,0,0,9,214,0,0,0,5,0,42,34,25,0,18,1,1,2,0,69,1,0,1,1,0,1
19,10,2,32,9,0.0,0.0,7,0,6,1,0,0,6,0,0,0,2,2,0,2,0,0,2,0,28,85,0,2,1,0,2,4,28,35,18,31,2,0,0,0,78,1,0,1,1,1,1
6,6,1,11,15,0.0,0.0,6,2,4,2,0,0,4,0,0,0,0,0,0,0,0,0,0,0,6,30,2,0,0,0,0,7,0,4,0,4,0,0,0,0,34,1,0,1,0,0,0
11,3,1,11,3,0.0,0.0,3,2,2,1,0,0,2,0,0,0,1,1,0,1,0,0,1,0,11,20,1,0,0,0,0,6,1,2,0,2,0,0,0,0,39,1,0,1,0,0,0
4,4,1,3,0,0.0,0.0,4,0,4,0,0,0,4,0,0,0,1,0,0,0,0,1,0,0,0,33,0,0,0,0,0,14,0,8,0,2,0,0,0,0,16,1,0,1,1,0,0
7,6,2,9,15,0.0,0.0,6,2,4,2,0,0,4,0,0,0,0,0,0,0,0,0,0,0,6,26,2,0,0,0,0,7,0,3,0,3,0,0,0,0,35,1,0,1,0,0,0
16,49,2,59,435,0.0,0.0,30,9,13,17,0,0,13,0,0,0,0,0,0,0,0,0,0,0,155,249,12,16,2,3,0,668,5,40,105,40,2,0,0,0,293,1,0,1,0,1,1
6,8,1,20,10,0.0,0.0,5,1,4,1,0,0,4,0,0,0,0,0,0,0,0,0,0,0,22,62,1,1,0,0,0,15,28,25,1,21,1,0,0,0,41,1,0,1,1,1,0
4,6,1,3,15,0.0,0.0,6,0,6,0,0,0,6,0,0,0,0,0,0,0,0,0,0,0,0,119,0,0,0,0,0,32,36,41,2,41,0,0,1,0,63,1,0,1,1,0,0
2,1,2,3,0,,,1,0,1,0,0,0,1,0,0,0,0,0,0,0,0,0,0,0,0,7,0,0,0,0,0,3,0,0,0,0,0,0,0,0,39,1,0,0,0,0,0
5,36,2,30,465,0.0,0.0,31,1,28,3,0,0,28,0,0,0,0,0,0,0,0,0,0,0,173,448,1,3,0,3,0,910,442,73,124,52,1,0,0,11,222,1,0,0,0,1,1
12,38,2,43,253,0.0,0.0,23,1,23,0,0,0,23,0,0,0,0,0,0,0,0,0,0,0,489,603,0,13,0,0,6,1247,584,48,74,47,1,1,0,0,288,1,0,1,0,1,1
20,29,2,65,171,0.0,0.0,19,3,15,4,0,0,15,0,0,0,0,0,0,0,0,0,0,0,50,181,4,8,0,1,0,111,147,27,3,32,3,0,2,9,172,1,1,0,0,1,1
2,14,2,18,78,0.0,0.0,13,0,13,0,0,0,13,0,0,0,0,0,0,0,0,0,0,0,223,311,0,1,0,0,0,317,711,56,88,56,1,0,0,0,136,1,0,0,0,1,1
12,20,2,12,93,0.0,0.0,15,1,15,0,0,0,15,0,0,0,6,6,0,6,0,0,0,0,1,79,0,2,0,0,0,27,4,11,3,11,2,0,0,0,73,1,0,0,0,1,0
2,3,1,3,0,,,1,0,1,0,0,0,1,0,0,0,0,0,0,0,0,0,0,0,3,12,0,1,0,1,0,2,0,0,0,0,2,0,0,0,22,1,0,0,0,1,0
2,3,1,7,3,0.0,0.0,3,0,3,0,0,0,3,0,0,0,0,0,0,0,0,0,0,0,0,33,0,0,0,0,0,0,16,3,0,3,0,0,0,0,18,1,0,1,1,0,0
17,28,3,43,21,0.0,0.0,7,2,5,2,0,0,5,0,0,0,0,0,0,0,0,0,0,0,81,175,0,13,1,7,0,19,58,63,7,60,3,0,0,0,109,1,0,1,1,1,1
25,17,1,28,91,0.0,0.0,14,1,14,0,0,0,14,0,0,0,0,0,0,0,0,0,0,0,16,93,2,2,1,4,0,24,9,34,0,34,3,0,0,0,72,1,0,1,1,1,0
9,14,1,18,17,0.0,0.0,11,1,9,2,0,0,9,0,0,0,4,0,0,4,0,0,4,0,8,69,0,2,0,1,0,19,4,19,7,19,2,0,0,0,57,1,0,1,1,1,0
17,10,1,35,1,0.0,0.0,3,1,2,1,0,0,2,0,0,0,2,2,0,2,0,0,2,0,9,64,0,6,0,1,0,5,18,26,5,21,2,0,0,0,71,1,0,1,0,1,1
31,14,1,62,3,0.0,0.0,6,1,3,3,0,0,3,0,0,0,8,8,7,1,0,0,5,0,19,85,2,4,2,1,0,8,11,35,0,35,2,0,0,2,102,1,0,0,0,0,0
37,8,3,47,4,0.0,0.0,4,3,2,2,0,0,2,0,0,0,2,2,0,2,0,0,2,0,38,86,2,1,0,2,0,22,12,21,1,18,2,0,2,0,73,1,0,1,0,1,1
2,2,1,7,1,0.0,0.0,2,0,2,0,0,0,2,0,0,0,0,0,0,0,0,0,0,0,1,14,0,0,0,0,0,16,0,0,0,0,0,0,0,7,20,1,0,1,1,0,0
20,50,1,56,51,0.0,0.0,18,3,14,4,0,0,14,0,0,0,2,1,0,1,0,1,1,0,57,247,3,22,7,9,1,9,151,91,25,86,4,0,0,0,148,1,0,1,1,1,1
46,76,3,125,351,0.0,0.0,27,3,23,3,0,1,24,0,0,0,0,0,0,0,0,0,0,0,176,572,4,25,7,20,2,7,131,194,11,189,5,3,1,1,209,1,0,1,1,1,1
35,82,1,151,127,0.0,0.0,31,5,16,15,0,0,17,0,0,0,22,19,0,22,0,0,20,0,101,447,19,17,8,2,2,170,18,148,14,158,4,0,1,28,181,1,0,1,1,1,1
36,64,3,107,44,0.0,0.0,17,4,12,5,0,0,12,0,0,0,8,4,0,5,0,3,4,0,75,452,3,33,4,23,25,20,179,151,57,132,2,3,1,3,174,1,0,1,1,1,1
29,29,2,65,0,0.0,0.0,14,2,13,1,0,0,14,0,0,0,7,2,1,6,0,0,2,0,44,324,0,8,1,5,0,236,138,82,59,78,2,2,1,0,172,1,0,1,1,1,1
49,65,1,143,40,0.0,0.0,29,1,21,7,0,1,22,0,0,0,8,6,7,1,0,0,6,0,113,453,5,21,11,7,0,88,94,176,5,143,2,2,0,0,212,1,0,1,1,1,1
4,9,1,4,10,0.0,0.0,5,0,5,0,0,0,5,0,0,0,0,0,0,0,0,0,0,0,30,89,0,4,0,0,1,0,136,12,3,7,2,0,0,0,25,1,0,1,0,1,0
18,24,1,43,105,0.0,0.0,15,3,13,2,0,0,13,0,0,0,1,1,0,1,0,0,1,0,42,207,2,7,0,15,9,17,55,79,28,72,3,0,0,0,85,1,1,1,1,1,1
6,19,1,40,0,0.0,0.0,10,0,9,1,0,0,9,0,0,0,2,0,0,2,0,0,1,0,1,300,0,5,0,19,0,26,118,53,5,47,3,0,0,0,70,1,0,1,1,1,1
6,10,1,29,36,0.0,0.0,9,0,7,2,0,0,7,0,0,0,0,0,0,0,0,0,0,0,5,68,1,1,0,6,1,7,27,15,4,14,1,0,0,0,44,1,0,1,1,1,0
12,4,1,17,6,0.0,0.0,4,1,4,0,0,0,4,0,0,0,0,0,0,0,0,0,0,0,14,63,0,0,0,7,0,13,10,21,4,21,1,0,0,0,30,1,0,1,0,0,1
7,8,1,29,10,0.0,0.0,5,3,2,3,0,0,2,0,0,0,0,0,0,0,0,0,0,0,17,53,0,2,0,2,0,1,27,14,3,10,2,0,0,0,27,1,0,1,1,1,0
6,10,1,44,36,0.0,0.0,9,1,7,2,0,0,7,0,0,0,0,0,0,0,0,0,0,0,52,129,2,0,0,1,0,94,23,27,0,21,1,0,0,2,68,1,0,1,1,0,1
7,10,1,14,1,0.0,0.0,3,0,3,0,0,0,4,0,0,0,3,2,0,0,0,3,2,0,3,52,0,3,0,4,1,4,21,17,15,11,3,0,0,0,48,1,0,0,0,0,0
12,27,1,53,10,0.0,0.0,16,0,12,4,0,0,12,0,0,0,2,0,0,0,0,2,0,0,28,150,1,6,2,1,0,11,25,39,31,34,6,0,0,0,78,1,0,1,0,1,1
2,3,1,8,3,0.0,0.0,3,0,3,0,0,0,3,0,0,0,0,0,0,0,0,0,0,0,6,12,0,0,0,0,0,0,2,1,2,1,0,0,0,0,24,1,0,1,1,0,0
28,28,5,60,58,0.0,0.0,17,1,10,6,1,0,11,0,0,0,2,0,0,2,0,0,1,0,26,201,2,5,1,5,3,30,32,45,28,38,2,0,1,0,106,1,0,1,1,1,1
28,9,1,46,15,0.0,0.0,7,1,3,4,0,0,3,0,0,0,9,4,0,4,0,5,3,0,27,104,1,2,0,0,2,22,18,32,1,28,1,1,1,0,81,1,0,1,0,0,1
20,7,1,32,4,0.0,0.0,4,2,3,1,0,0,3,0,0,0,2,2,0,2,0,0,2,0,14,35,0,3,0,0,0,9,7,7,0,7,1,0,0,0,47,1,0,0,0,0,0
7,20,2,23,21,0.0,0.0,7,1,7,0,0,0,7,0,0,0,0,0,0,0,0,0,0,0,9,136,0,0,13,0,0,44,23,17,0,17,1,0,1,1,31,17,14,0,1,0,0
33,19,1,59,66,0.0,0.0,12,3,10,2,0,0,10,0,0,0,0,0,0,0,0,0,0,0,106,220,2,2,3,1,0,118,46,66,0,53,2,0,7,0,59,1,0,1,0,1,1
15,15,1,20,0,0.0,0.0,13,1,9,4,0,0,9,0,0,0,4,4,0,4,0,0,0,0,35,126,0,0,0,3,0,33,13,23,6,18,1,0,4,0,94,1,0,1,0,0,0
12,20,1,36,0,0.0,0.0,15,0,14,1,0,0,15,0,0,0,3,2,0,2,0,1,2,0,33,135,2,0,0,4,0,18,3,31,5,28,1,0,0,0,85,1,1,0,0,0,0
13,5,1,22,0,0.0,0.0,5,1,5,0,0,0,5,0,0,0,3,0,0,0,0,3,1,0,25,51,0,0,0,0,3,6,17,23,6,23,0,0,0,0,44,1,0,1,1,0,0
5,3,1,4,0,0.0,0.0,3,0,3,0,0,0,3,0,0,0,2,0,0,0,0,2,0,0,1,15,0,0,0,0,0,1,0,2,0,2,0,0,0,0,22,1,0,1,0,0,0
7,14,1,19,0,0.0,0.0,9,0,8,1,0,0,8,0,0,0,4,1,0,0,0,4,1,0,2,61,1,0,4,1,0,6,2,21,2,21,1,0,0,0,97,1,0,1,1,0,0
12,2,2,30,0,0.0,0.0,2,1,2,0,0,0,2,0,0,0,1,1,0,1,0,0,0,0,4,42,0,0,0,1,0,19,6,12,1,11,2,0,0,3,77,1,0,1,0,0,1
2,10,1,4,45,0.0,0.0,10,0,10,0,0,0,10,0,0,0,0,0,0,0,0,0,0,0,39,113,0,0,0,0,0,67,0,21,0,20,0,0,0,0,22,1,0,1,0,0,0
5,7,1,9,1,0.0,0.0,2,1,2,0,0,0,2,0,0,0,1,1,0,0,0,1,0,0,0,46,0,0,3,1,0,3,8,6,0,4,1,3,0,0,28,1,0,0,0,0,1
8,14,1,27,6,0.0,0.0,4,1,2,1,0,1,3,0,0,0,0,0,0,0,0,0,0,0,4,107,0,6,1,2,0,10,28,17,3,17,4,1,2,2,78,1,0,1,0,1,1
13,14,4,29,36,0.0,0.0,9,5,5,4,0,0,5,0,0,0,0,0,0,0,0,0,0,0,20,118,2,2,0,6,0,5,17,25,2,24,2,1,2,7,57,1,0,1,1,1,0
5,10,1,15,6,0.0,0.0,4,0,4,0,0,0,4,0,0,0,0,0,0,0,0,0,0,0,6,64,0,6,0,0,0,0,2,10,0,9,1,2,0,0,27,1,0,1,0,1,1
10,8,3,18,28,0.0,0.0,8,1,8,0,0,0,8,0,0,0,0,0,0,0,0,0,0,0,12,159,0,0,0,0,0,0,0,23,0,35,1,0,3,12,41,1,0,1,1,0,1
4,6,1,11,15,0.0,0.0,6,0,6,0,0,0,6,0,0,0,0,0,0,0,0,0,0,0,0,98,0,0,0,0,0,0,37,30,0,24,0,0,0,0,24,1,0,1,1,0,1
7,27,3,41,78,0.0,0.0,13,1,6,7,0,0,6,0,0,0,0,0,0,0,0,0,0,0,12,203,3,6,1,2,0,71,163,50,32,43,3,0,0,7,122,1,0,1,0,1,1
10,17,3,45,24,0.0,0.0,12,2,5,7,0,0,5,0,0,0,3,3,0,3,0,0,2,0,1,91,4,2,0,1,0,35,47,18,20,20,1,0,0,10,110,1,0,1,0,1,1
15,29,3,42,0,0.0,0.0,17,8,9,4,0,4,13,0,0,0,1,1,0,1,0,0,0,0,26,109,1,5,3,2,0,32,50,13,1,17,3,0,0,6,105,1,0,0,0,1,0
19,25,3,26,0,0.0,0.0,21,4,20,1,0,0,20,0,0,0,7,3,3,4,0,0,2,0,13,150,2,3,1,0,0,117,95,5,2,14,3,0,1,6,181,1,0,0,0,0,0
8,9,3,18,0,0.0,0.0,7,2,7,0,0,0,7,0,0,0,2,2,0,2,0,0,0,0,1,39,0,0,2,0,0,23,5,5,1,5,2,0,0,2,54,1,0,1,0,1,0
19,25,3,34,78,0.0,0.0,13,0,7,6,0,0,7,0,0,0,0,0,0,0,0,0,0,0,3,142,1,7,0,0,2,11,15,28,20,26,3,0,2,0,87,1,0,0,0,1,0
