cbo,wmc,dit,rfc,lcom,tcc,lcc,totalMethodsQty,staticMethodsQty,publicMethodsQty,privateMethodsQty,protectedMethodsQty,defaultMethodsQty,visibleMethodsQty,abstractMethodsQty,finalMethodsQty,synchronizedMethodsQty,totalFieldsQty,staticFieldsQty,publicFieldsQty,privateFieldsQty,protectedFieldsQty,defaultFieldsQty,finalFieldsQty,synchronizedFieldsQty,nosi,loc,returnQty,loopQty,comparisonsQty,tryCatchQty,parenthesizedExpsQty,stringLiteralsQty,numbersQty,assignmentsQty,mathOperationsQty,variablesQty,maxNestedBlocksQty,anonymousClassesQty,innerClassesQty,lambdasQty,uniqueWordsQty,modifiers,logStatementsQty,AR,ET,CTL,VT
18,21,1,68,41,0.0,0.0,18,0,9,9,0,0,10,0,0,0,10,1,0,10,0,0,8,0,10,187,0,0,0,1,0,71,26,31,0,33,1,0,1,3,103,1,0,0,0,0,0
6,3,1,12,0,0.0,0.0,3,0,3,0,0,0,3,0,0,0,1,1,0,1,0,0,1,0,13,20,0,0,0,0,0,17,37,1,1,1,0,0,0,0,34,1,0,1,0,0,0
4,8,1,7,6,0.0,0.0,4,1,3,1,0,0,3,0,0,0,0,0,0,0,0,0,0,0,22,28,1,0,0,0,0,5,44,0,0,0,0,0,0,0,16,1,0,1,0,0,0
5,3,1,5,1,0.0,0.0,2,0,2,0,0,0,2,0,0,0,1,1,0,1,0,0,1,0,3,12,0,1,0,0,0,0,2,2,0,2,1,0,0,0,15,1,0,1,1,1,0
11,8,1,28,21,0.0,0.0,7,2,5,2,0,0,5,0,0,0,1,1,0,1,0,0,1,0,17,84,0,1,0,0,0,11,32,18,5,18,1,0,0,4,92,1,0,1,1,1,0
4,8,1,14,28,0.0,0.0,8,0,8,0,0,0,8,0,0,0,0,0,0,0,0,0,0,0,38,50,0,0,0,0,0,0,102,0,0,0,0,0,0,0,17,1,0,1,0,0,0
4,3,1,8,3,0.0,0.0,3,0,3,0,0,0,3,0,0,0,0,0,0,0,0,0,0,0,0,28,0,0,0,0,0,5,3,5,0,5,0,0,0,0,15,1,2,1,1,0,0
22,10,1,41,6,0.0,0.0,4,0,4,0,0,0,4,0,0,0,0,0,0,0,0,0,0,0,14,77,0,6,0,0,0,22,84,27,1,27,2,0,0,2,58,1,0,1,1,1,1
12,3,1,23,0,0.0,0.0,2,0,2,0,0,0,3,0,0,0,1,1,0,1,0,0,1,0,25,40,0,0,0,0,0,16,39,9,0,9,0,0,0,0,44,1,0,1,1,0,0
16,15,1,56,105,0.0,0.0,15,9,4,2,0,9,13,0,0,0,0,0,0,0,0,0,0,0,87,136,7,0,0,0,0,71,72,21,0,25,0,0,0,3,56,1,1,1,0,0,1
41,10,1,99,28,0.0,0.0,8,0,5,3,0,0,5,0,0,0,1,1,0,1,0,0,1,0,51,115,2,2,0,11,0,36,88,37,3,42,3,0,1,10,116,1,0,1,1,1,1
13,11,1,44,36,0.0,0.0,9,2,7,2,0,0,7,0,0,0,0,0,0,0,0,0,0,0,24,197,2,1,1,0,0,7,152,37,1,26,1,0,0,13,55,1,0,1,1,0,1
14,6,1,31,10,0.0,0.0,5,1,4,1,0,0,4,0,0,0,0,0,0,0,0,0,0,0,46,54,1,1,0,0,0,37,61,20,3,19,1,0,0,0,54,1,0,1,1,0,1
10,7,1,10,4,0.0,0.0,5,2,3,2,0,0,3,0,0,0,1,1,0,1,0,0,1,0,32,52,2,2,0,0,0,2,100,9,0,9,1,0,0,0,34,1,0,1,1,0,0
16,11,1,38,8,0.0,0.0,8,2,6,1,0,1,8,0,0,0,3,3,0,0,0,3,3,0,48,72,2,2,0,0,0,88,7,15,3,15,1,0,0,0,78,1,0,1,1,1,1
11,15,1,36,10,0.0,0.0,5,1,4,1,0,0,4,0,0,0,1,1,0,1,0,0,1,0,10,81,0,6,2,4,0,6,26,22,7,20,4,0,0,2,100,1,0,1,1,1,1
7,7,1,35,15,0.0,0.0,6,1,5,0,0,1,6,0,0,0,0,0,0,0,0,0,0,0,3,67,1,1,0,0,0,20,27,14,0,14,1,0,0,3,32,1,0,1,1,0,0
6,5,1,28,10,0.0,0.0,5,0,5,0,0,0,5,0,0,0,0,0,0,0,0,0,0,0,16,63,0,0,0,0,0,51,18,10,0,11,0,0,0,2,27,1,0,1,1,0,0
4,10,1,16,15,0.0,0.0,6,0,6,0,0,0,6,0,0,0,0,0,0,0,0,0,0,0,25,98,0,4,0,0,0,0,52,19,4,19,2,0,1,0,39,1,0,1,0,1,0
6,7,1,15,10,0.0,0.0,5,1,4,1,0,0,4,0,0,0,0,0,0,0,0,0,0,0,5,45,0,2,0,0,0,2,14,13,1,13,1,0,0,3,37,1,0,1,1,0,0
11,10,1,27,16,0.0,0.0,9,0,8,0,1,0,9,0,0,0,1,0,0,1,0,0,1,0,14,75,0,1,0,0,0,27,15,29,0,29,1,0,0,0,36,1,0,1,1,0,0
17,35,1,44,0,0.0,0.0,35,0,35,0,0,0,35,0,0,0,4,2,0,4,0,0,4,0,48,325,0,0,0,0,38,195,119,54,3,54,0,0,0,7,82,1,0,1,1,0,1
13,8,1,36,0,0.0,0.0,8,0,8,0,0,0,8,0,0,0,2,0,0,2,0,0,0,0,7,111,0,0,0,0,16,106,25,24,0,24,0,0,0,1,39,1,0,1,1,0,1
15,17,1,41,74,0.0,0.0,13,5,8,5,0,0,9,0,0,0,3,3,0,3,0,0,3,0,45,160,2,2,0,0,0,152,56,19,2,19,2,0,0,20,62,1,0,1,0,1,0
13,16,1,51,0,0.0,0.0,16,0,16,0,0,0,16,0,0,0,2,0,0,2,0,0,2,0,36,219,0,0,0,0,0,129,50,65,0,61,0,0,0,3,59,1,0,1,1,0,1
5,2,1,6,0,0.0,0.0,2,0,2,0,0,0,2,0,0,0,1,0,0,1,0,0,1,0,1,11,0,0,0,0,0,2,2,2,0,2,0,0,0,0,12,1,0,1,1,0,0
9,8,1,16,0,0.0,0.0,7,0,7,0,0,0,7,0,0,0,1,0,0,1,0,0,1,0,11,59,0,0,0,1,0,27,18,19,0,19,1,0,0,0,32,1,0,1,1,0,0
9,8,1,24,8,0.0,0.0,8,0,5,3,0,0,5,0,0,0,1,0,0,1,0,0,0,0,2,69,2,0,0,0,0,26,3,24,0,24,0,0,0,2,47,1,0,1,1,0,0
9,6,1,22,15,0.0,0.0,6,0,4,2,0,0,4,0,0,0,0,0,0,0,0,0,0,0,6,57,2,0,0,0,0,21,1,7,0,7,0,0,1,2,39,1,0,1,1,0,0
8,7,1,18,21,0.0,0.0,7,0,5,2,0,0,5,0,0,0,0,0,0,0,0,0,0,0,3,44,2,0,0,0,0,20,3,10,0,10,0,0,0,3,42,1,0,1,1,0,0
5,7,1,7,21,0.0,0.0,7,1,6,1,0,0,6,0,0,0,0,0,0,0,0,0,0,0,6,30,1,0,0,0,0,26,2,3,0,3,0,0,0,0,22,1,0,1,0,0,0
9,7,1,21,0,0.0,0.0,7,0,7,0,0,0,7,0,0,0,1,0,0,1,0,0,0,0,3,91,0,0,0,0,0,66,21,27,0,27,0,0,0,0,30,1,0,1,1,0,0
3,3,1,5,3,0.0,0.0,3,0,3,0,0,0,3,0,0,0,0,0,0,0,0,0,0,0,1,11,0,0,0,0,0,4,0,0,0,0,0,0,0,2,10,1,0,0,0,0,0
9,4,1,16,0,0.0,0.0,4,0,4,0,0,0,4,0,0,0,1,0,0,1,0,0,1,0,6,43,0,0,0,0,0,27,17,15,0,15,0,0,0,1,28,1,0,1,1,0,0
13,48,1,36,235,0.0,0.0,47,0,41,6,0,0,42,0,0,0,10,8,0,10,0,0,10,0,27,341,2,0,0,0,2,115,15,54,0,53,0,0,0,4,72,1,0,1,1,0,0
9,3,1,13,0,0.0,0.0,3,0,3,0,0,0,3,0,0,0,1,0,0,1,0,0,1,0,3,21,0,0,0,0,1,9,8,5,0,5,0,0,0,0,16,1,0,1,1,0,0
8,7,1,24,9,0.0,0.0,7,0,4,3,0,0,4,0,0,0,1,0,0,1,0,0,0,0,3,68,2,0,0,0,0,22,2,24,0,24,0,0,0,1,45,1,0,1,1,0,0
45,39,4,134,311,0.0,0.0,30,1,19,5,6,0,29,0,0,0,30,19,0,30,0,0,24,0,48,524,4,1,1,1,0,261,42,115,5,126,2,0,4,11,178,1,1,1,1,1,1
7,2,1,6,0,,,2,0,1,1,0,0,1,0,0,0,2,0,0,2,0,0,2,0,2,61,0,0,0,0,0,2,2,5,0,5,0,0,2,0,21,1,0,0,0,0,0
5,10,1,15,28,0.0,0.0,8,0,5,3,0,0,5,0,0,0,2,2,0,2,0,0,2,0,8,49,1,2,0,0,0,29,0,9,0,7,1,0,0,3,62,1,0,1,1,1,0
62,69,2,179,0,0.0,0.0,49,0,24,25,0,0,25,0,0,0,37,16,0,37,0,0,16,0,43,1223,19,5,4,5,1,281,301,142,30,145,3,0,1,21,256,1,0,1,1,1,1
12,5,2,38,0,0.0,0.0,4,0,4,0,0,0,4,0,0,0,9,1,0,9,0,0,2,0,2,100,0,0,0,1,0,21,5,7,0,13,1,0,0,0,71,1,2,1,0,0,1
14,15,1,29,0,0.0,0.0,12,1,10,1,0,1,12,0,0,0,2,1,0,2,0,0,1,0,4,91,2,0,1,0,0,50,1,20,0,20,1,0,0,1,74,1,0,1,1,0,0
11,6,1,17,0,0.0,0.0,6,0,6,0,0,0,6,0,0,0,13,9,9,4,0,0,9,0,5,85,0,0,0,0,0,15,3,18,0,18,0,0,1,0,54,1,0,1,0,0,0
80,49,5,144,0,0.0,0.0,40,1,25,15,0,0,25,0,0,0,34,4,0,34,0,0,6,0,77,965,4,1,3,3,0,233,231,117,11,110,2,0,4,3,195,1,0,1,1,1,1
73,111,3,157,297,0.0,0.0,67,1,36,31,0,0,37,0,0,0,36,13,0,36,0,0,13,0,59,994,34,5,5,1,0,181,143,156,10,168,4,0,1,16,256,1,0,1,1,1,1
51,36,7,107,0,0.0,0.0,22,2,15,7,0,0,15,0,0,0,16,6,0,12,4,0,7,0,56,457,7,1,8,4,0,29,54,108,3,103,1,0,5,7,167,1,0,1,1,0,1
6,5,1,19,8,0.0,0.0,5,1,2,3,0,0,2,0,0,0,1,1,0,1,0,0,1,0,5,43,3,0,0,0,0,2,0,8,1,10,0,2,0,2,39,1,0,1,1,0,0
5,10,1,25,16,0.0,0.0,8,1,7,1,0,0,7,0,0,0,3,3,0,3,0,0,3,0,17,77,4,2,0,0,0,10,9,22,16,21,1,0,0,6,77,1,0,1,1,1,0
29,22,3,52,0,0.0,0.0,20,0,13,0,7,0,21,0,0,0,13,3,4,1,0,8,3,0,0,394,0,0,1,0,0,10,2,46,0,44,1,0,1,0,103,1,0,1,1,0,1
24,14,2,43,13,0.0,0.0,11,0,7,0,4,0,12,0,0,0,7,2,0,5,0,2,2,0,0,172,1,0,1,1,2,18,23,23,4,26,2,0,1,2,97,1,0,1,1,0,1
27,23,4,53,0,0.0,0.0,22,2,17,0,5,0,22,0,0,0,6,0,0,6,0,0,0,0,38,252,0,1,0,0,10,57,7,37,7,33,1,0,5,1,95,1,0,1,1,0,0
6,33,1,23,168,0.0,0.0,25,0,22,3,0,0,22,0,0,0,2,0,1,1,0,0,0,0,86,172,1,7,0,0,0,230,0,21,7,21,1,0,0,0,95,1,0,1,0,1,1
12,9,1,28,0,0.0,0.0,8,2,6,2,0,0,6,0,0,0,6,0,0,6,0,0,5,0,15,72,0,0,0,0,0,9,2,30,1,30,0,0,0,0,42,1,0,1,0,0,1
5,13,1,23,16,0.0,0.0,9,0,9,0,0,0,9,0,0,0,1,0,1,0,0,0,0,0,19,65,0,4,0,0,0,11,0,10,0,10,1,0,0,1,46,1,0,1,1,1,0
2,5,1,9,1,0.0,0.0,2,0,2,0,0,0,2,0,0,0,0,0,0,0,0,0,0,0,4,16,0,3,0,0,0,0,0,1,0,1,2,0,0,0,20,1,0,1,1,1,0
9,10,1,27,0,0.0,0.0,10,1,9,1,0,0,9,0,0,0,5,5,0,5,0,0,5,0,12,58,1,0,0,0,0,10,64,16,0,13,0,0,0,3,76,1,0,1,1,0,0
10,2,2,12,0,0.0,0.0,2,0,2,0,0,0,2,0,0,0,2,0,0,2,0,0,0,0,2,16,0,0,0,0,0,0,0,2,0,3,0,0,0,0,21,1,0,1,0,0,0
50,16,7,61,5,0.0,0.0,11,2,8,1,2,0,12,0,0,0,10,7,0,10,0,0,5,0,32,269,5,2,0,1,0,70,8,75,1,66,2,0,5,5,98,1,0,0,0,0,0
7,8,1,30,28,0.0,0.0,8,0,7,1,0,0,7,0,0,0,0,0,0,0,0,0,0,0,5,149,1,0,0,0,0,56,4,44,0,44,0,9,0,3,42,1,0,1,1,0,0
40,58,1,103,0,0.0,0.0,51,1,46,5,0,0,53,0,1,0,23,19,0,23,0,0,19,0,35,587,4,0,0,0,2,112,23,149,10,142,1,0,0,15,184,1,0,1,1,0,1
4,6,1,25,0,0.0,0.0,5,0,5,0,0,0,6,0,0,0,1,1,0,1,0,0,1,0,8,144,0,0,0,0,0,152,0,18,0,18,0,0,0,0,44,1,0,1,0,0,1
25,24,1,62,63,0.0,0.0,18,1,13,5,0,0,13,0,0,0,4,1,0,3,1,0,1,0,19,292,4,0,4,3,0,101,9,94,4,69,4,1,0,1,128,1,0,1,1,0,1
45,18,1,87,0,0.0,0.0,14,1,11,3,0,0,11,0,0,0,29,2,2,27,0,0,2,0,67,297,7,1,3,0,0,49,69,66,1,71,1,0,1,3,128,1,0,1,1,0,1
15,12,1,35,0,0.0,0.0,12,0,12,0,0,0,12,0,0,0,11,1,1,10,0,0,1,0,73,146,0,0,0,0,0,20,32,53,0,53,0,0,0,0,63,1,0,1,0,0,0
65,88,4,172,0,0.0,0.0,57,0,51,6,0,0,58,0,0,0,45,26,0,45,0,0,27,0,200,1633,34,5,2,6,1,109,259,168,9,157,2,0,2,36,300,1,0,1,1,1,1
27,47,1,158,192,0.0,0.0,44,13,22,22,0,0,22,0,0,0,16,0,2,11,0,3,0,0,160,898,16,1,0,2,0,206,411,201,65,94,1,0,0,30,159,1,0,1,1,1,1
4,25,1,21,190,0.0,0.0,20,0,20,0,0,0,20,0,0,0,0,0,0,0,0,0,0,0,12,209,1,5,2,0,0,73,12,47,7,59,1,0,0,21,61,1,0,1,1,1,0
19,4,1,22,1,,,2,0,1,1,0,0,1,0,0,0,2,0,0,2,0,0,0,0,2,39,0,1,0,0,0,27,0,9,0,10,2,0,0,0,49,1,0,1,1,1,1
5,5,1,8,0,0.0,0.0,4,0,4,0,0,0,4,0,0,0,4,1,0,4,0,0,1,0,1,58,0,1,0,0,0,0,32,4,0,4,1,0,0,0,30,1,0,1,1,1,1
29,36,1,56,309,0.0,0.0,27,0,24,2,0,1,26,0,0,0,5,1,1,2,0,2,1,0,11,263,2,1,3,2,1,21,73,39,10,36,4,1,1,9,124,1,0,1,1,1,1
29,26,1,54,0,0.0,0.0,21,0,17,4,0,0,17,0,0,0,8,3,0,5,0,3,3,0,12,196,3,1,1,0,0,54,19,49,3,51,2,0,0,1,120,1,5,1,0,1,0
11,3,1,6,0,0.0,0.0,2,0,2,0,0,0,2,0,0,0,5,0,0,5,0,0,0,0,1,19,0,1,0,0,0,1,2,2,0,6,1,0,0,0,27,1,0,1,0,1,0
6,3,1,15,3,0.0,0.0,3,0,2,1,0,0,2,0,0,0,0,0,0,0,0,0,0,0,4,20,0,0,0,0,0,1,10,3,0,7,1,0,0,4,27,1,0,1,1,0,0
14,5,1,20,0,0.0,0.0,5,0,5,0,0,0,5,0,0,0,5,1,0,0,5,0,1,0,2,52,3,0,0,0,0,8,1,11,0,12,1,0,0,3,57,1,0,1,0,0,0
33,20,1,76,0,0.0,0.0,16,1,11,5,0,0,14,0,0,0,25,17,0,25,0,0,17,0,16,360,1,0,1,0,0,37,117,64,0,76,2,0,0,20,130,1,0,1,1,0,1
18,14,1,58,0,0.0,0.0,14,0,14,0,0,0,14,0,0,0,13,9,0,9,0,4,9,0,72,445,3,0,0,0,0,90,43,111,39,107,0,0,0,7,85,1,0,1,1,0,1
47,84,1,168,1770,0.0,0.0,60,0,35,22,3,0,38,0,0,0,0,0,0,0,0,0,0,0,89,589,23,17,6,34,0,94,143,240,2,237,3,0,0,13,226,1,2,1,1,1,0
8,18,1,29,61,0.0,0.0,14,0,10,0,4,0,14,0,0,0,10,9,0,10,0,0,9,0,8,129,0,0,5,7,0,23,1,19,1,19,3,0,0,3,81,1,9,0,1,0,1
2,1,1,9,0,,,1,0,1,0,0,0,1,0,0,0,0,0,0,0,0,0,0,0,0,17,0,0,0,0,0,18,10,2,0,2,0,0,0,0,10,1,0,1,1,0,0
8,5,1,13,10,0.0,0.0,5,0,5,0,0,0,5,0,0,0,0,0,0,0,0,0,0,0,7,51,0,0,0,0,0,22,13,18,4,18,0,0,0,1,32,1,0,1,0,0,0
9,9,1,20,0,0.0,0.0,8,0,6,2,0,0,6,0,0,0,5,1,1,4,0,0,1,0,2,44,0,1,1,0,0,0,7,5,0,7,1,0,0,1,52,1,0,1,1,1,0
2,2,1,9,1,0.0,0.0,2,0,2,0,0,0,2,0,0,0,0,0,0,0,0,0,0,0,1,38,0,0,0,0,0,2,4,3,0,3,0,2,0,0,17,1,0,1,1,0,0
4,20,2,18,25,0.0,0.0,10,0,10,0,0,0,10,0,0,0,1,0,0,1,0,0,0,0,1,176,0,0,3,7,0,4,8,21,0,21,2,0,1,4,49,1,0,1,1,1,0
8,9,1,17,0,0.0,0.0,7,0,6,1,0,0,6,0,0,0,4,0,0,4,0,0,0,0,3,67,3,0,1,2,0,0,16,9,0,6,2,0,0,1,44,1,0,1,1,0,0
7,12,1,16,0,0.0,0.0,10,0,7,3,0,0,7,0,0,0,6,0,0,6,0,0,0,0,4,83,4,0,1,1,0,0,29,17,0,8,2,0,0,1,45,1,0,1,1,0,0
6,8,1,14,0,0.0,0.0,8,0,8,0,0,0,8,0,0,0,3,2,0,3,0,0,2,0,2,33,0,0,0,0,0,2,1,5,0,5,0,0,0,2,38,1,0,1,0,0,0
10,13,1,19,0,0.0,0.0,12,0,8,0,4,0,12,4,0,0,6,2,0,6,0,0,2,0,0,51,0,1,0,0,0,4,2,10,0,9,1,0,0,4,53,1025,0,1,1,1,0
28,15,2,46,0,0.0,0.0,15,1,14,1,0,0,14,0,0,0,8,4,0,6,0,2,4,0,14,253,8,0,0,0,0,66,51,50,2,52,1,0,0,9,100,1,0,1,1,0,1
5,4,1,8,6,0.0,0.0,4,0,4,0,0,0,4,0,0,0,0,0,0,0,0,0,0,0,1,29,0,0,0,0,0,14,8,8,0,8,0,0,0,0,18,1,0,1,1,0,0
20,16,1,64,0,0.0,0.0,11,1,6,5,0,0,8,0,0,0,22,14,0,21,0,1,14,0,28,252,6,1,1,1,0,38,59,48,0,53,2,0,0,8,103,1,0,1,1,1,1
31,38,1,126,0,0.0,0.0,27,0,15,12,0,0,16,0,0,0,28,17,0,27,0,1,17,0,112,558,5,6,4,0,0,90,612,96,0,81,2,0,0,4,152,1,0,1,1,0,1
14,17,1,35,0,0.0,0.0,11,0,10,1,0,0,10,0,0,0,11,6,0,11,0,0,5,0,7,123,1,0,4,0,0,13,11,20,0,23,2,0,0,2,117,1,0,1,1,0,0
10,8,1,32,7,0.0,0.0,7,1,5,2,0,0,6,0,0,0,6,2,0,2,0,4,1,0,14,63,2,0,0,0,1,17,0,12,0,12,0,0,0,1,53,1,0,1,1,0,0
4,3,2,4,3,0.0,0.0,3,0,2,0,1,0,3,0,0,0,1,0,0,0,0,1,0,0,1,16,1,0,0,0,0,3,0,3,0,3,0,0,0,0,19,1,0,0,0,0,0
4,3,2,4,3,0.0,0.0,3,0,2,0,1,0,3,0,0,0,1,0,0,0,0,1,0,0,1,15,1,0,0,0,0,2,0,2,0,2,0,0,0,0,18,1,0,0,0,0,0
8,6,1,23,13,0.0,0.0,6,0,6,0,0,0,6,0,0,0,1,0,0,0,0,1,0,0,5,54,1,0,0,0,0,4,0,17,0,16,1,0,0,5,61,1,0,1,1,0,0
10,18,1,31,105,0.0,0.0,15,0,11,4,0,0,11,0,0,0,1,1,0,1,0,0,1,0,6,121,4,0,1,0,2,56,1,40,5,40,1,0,0,1,103,1,0,0,0,0,0
15,15,1,29,91,0.0,0.0,14,0,13,1,0,0,13,0,0,0,0,0,0,0,0,0,0,0,11,135,1,1,0,0,2,284,9,42,4,41,1,0,1,0,94,1,0,1,1,0,1
5,6,1,20,15,0.0,0.0,6,0,6,0,0,0,6,0,0,0,0,0,0,0,0,0,0,0,9,53,0,0,0,0,0,16,12,25,0,24,0,0,0,0,34,1,0,1,1,0,0
17,9,1,52,36,0.0,0.0,9,0,9,0,0,0,9,0,0,0,0,0,0,0,0,0,0,0,16,121,0,0,0,0,0,96,30,37,1,44,0,0,0,10,97,1,0,1,1,0,1
4,1,1,9,0,,,1,0,1,0,0,0,1,0,0,0,0,0,0,0,0,0,0,0,1,11,0,0,0,0,0,6,1,3,0,3,0,0,0,0,16,1,0,1,1,0,0
9,3,1,22,3,0.0,0.0,3,0,3,0,0,0,3,0,0,0,0,0,0,0,0,0,0,0,6,58,0,0,0,0,0,30,38,23,0,23,0,0,0,0,51,1,0,1,1,0,1
4,2,1,4,1,0.0,0.0,2,0,2,0,0,0,2,0,0,0,0,0,0,0,0,0,0,0,2,14,0,0,0,0,0,4,4,6,0,6,0,0,0,0,17,1,0,1,1,0,0
5,1,1,8,0,,,1,0,1,0,0,0,1,0,0,0,0,0,0,0,0,0,0,0,1,13,0,0,0,0,0,4,5,5,0,5,0,0,0,0,13,1,0,1,1,0,0
21,7,1,50,10,0.0,0.0,5,0,4,1,0,0,4,0,0,0,0,0,0,0,0,0,0,0,8,90,0,2,0,0,0,29,61,31,0,31,1,0,0,0,59,1,0,1,1,1,1
4,1,1,7,0,,,1,0,1,0,0,0,1,0,0,0,0,0,0,0,0,0,0,0,1,12,0,0,0,0,0,3,3,5,0,5,0,0,0,0,11,1,0,1,1,0,0
4,1,1,7,0,,,1,0,1,0,0,0,1,0,0,0,0,0,0,0,0,0,0,0,1,12,0,0,0,0,0,3,3,5,0,5,0,0,0,0,11,1,0,1,0,0,0
5,8,1,13,0,0.0,0.0,8,0,8,0,0,0,8,0,0,0,6,0,0,6,0,0,0,0,1,61,0,0,0,0,1,1,15,7,8,7,0,0,0,0,35,1,0,1,1,0,0
5,8,1,13,0,0.0,0.0,8,0,8,0,0,0,8,0,0,0,6,0,0,6,0,0,0,0,1,61,0,0,0,0,1,1,15,7,8,7,0,0,0,0,35,1,0,1,0,0,0
5,1,1,7,0,,,1,0,1,0,0,0,1,0,0,0,0,0,0,0,0,0,0,0,1,12,0,0,0,0,0,2,5,5,0,5,0,0,0,0,14,1,0,1,1,0,0
9,18,1,25,153,0.0,0.0,18,0,18,0,0,0,18,0,0,0,0,0,0,0,0,0,0,0,21,142,0,0,0,0,0,93,3,57,16,56,0,0,0,2,50,1,0,1,1,0,0
10,10,2,22,0,0.0,0.0,9,0,9,0,0,0,9,0,0,0,6,3,0,6,0,0,3,0,0,68,0,1,0,0,0,6,12,10,1,9,1,0,0,4,59,1,0,1,1,1,0
12,15,2,42,1,0.0,0.0,11,0,7,4,0,0,7,0,0,0,7,1,0,7,0,0,1,0,20,147,0,3,0,0,0,23,54,25,2,20,1,0,0,0,85,1,0,1,1,1,1
7,4,1,15,0,0.0,0.0,3,0,3,0,0,0,3,0,0,0,5,0,1,4,0,0,0,0,7,51,0,1,0,1,0,25,27,16,3,13,1,0,0,0,46,1,0,1,1,1,1
9,7,2,18,0,0.0,0.0,5,0,5,0,0,0,5,0,0,0,5,2,0,5,0,0,2,0,0,51,0,2,0,0,0,3,12,10,1,9,1,0,0,0,50,1,0,1,1,1,0
4,7,1,16,9,0.0,0.0,6,0,6,0,0,0,7,0,0,0,3,3,0,3,0,0,3,0,7,37,0,0,0,0,0,5,23,4,0,4,0,0,0,3,34,1,0,1,0,0,0
4,7,1,16,9,0.0,0.0,6,0,6,0,0,0,7,0,0,0,3,3,0,3,0,0,3,0,7,37,0,0,0,0,0,5,23,4,0,4,0,0,0,3,34,1,0,1,0,0,0
4,6,1,14,3,0.0,0.0,3,0,2,0,1,0,3,1,0,0,0,0,0,0,0,0,0,0,0,48,0,0,0,2,0,0,2,13,2,13,2,0,0,3,29,1025,0,1,0,0,0
4,6,1,14,3,0.0,0.0,3,0,2,0,1,0,3,1,0,0,0,0,0,0,0,0,0,0,0,48,0,0,0,2,0,0,2,13,2,13,2,0,0,3,29,1025,0,1,0,0,0
9,40,1,70,631,0.0,0.0,38,0,35,3,0,0,35,0,0,0,4,4,0,4,0,0,4,0,34,227,0,0,2,0,0,40,33,38,0,25,2,0,0,20,66,1,0,1,1,0,0
8,18,1,37,107,0.0,0.0,18,0,18,0,0,0,18,0,0,0,8,8,0,8,0,0,8,0,28,131,0,0,0,0,0,151,69,53,0,49,0,0,0,9,88,1,0,1,1,0,1
8,18,1,37,107,0.0,0.0,18,0,18,0,0,0,18,0,0,0,8,8,0,8,0,0,8,0,28,131,0,0,0,0,0,151,69,53,0,49,0,0,0,9,88,1,0,1,1,0,1
13,1,1,3,0,,,1,0,1,0,0,0,1,0,0,0,4,4,0,4,0,0,4,0,0,21,0,0,0,0,0,55,25,13,0,10,0,0,0,0,32,1,0,1,1,0,1
13,1,1,3,0,,,1,0,1,0,0,0,1,0,0,0,4,4,0,4,0,0,4,0,0,21,0,0,0,0,0,55,25,13,0,10,0,0,0,0,32,1,0,1,1,0,1
4,6,1,16,4,0.0,0.0,5,0,5,0,0,0,6,0,0,0,4,4,0,4,0,0,4,0,6,33,0,0,0,0,1,4,16,5,1,5,0,0,0,2,30,1,0,1,1,0,0
4,7,1,16,9,0.0,0.0,6,0,6,0,0,0,7,0,0,0,3,3,0,3,0,0,3,0,7,36,0,0,0,0,0,5,22,4,0,4,0,0,0,3,35,1,0,1,1,0,0
5,3,1,11,1,0.0,0.0,3,0,3,0,0,0,3,0,0,0,5,5,0,5,0,0,5,0,8,27,0,0,0,0,0,3,8,12,0,10,0,0,0,0,33,1,0,1,1,0,0
11,29,1,39,105,0.0,0.0,15,0,14,1,0,0,14,0,0,0,0,0,0,0,0,0,0,0,107,298,0,8,4,0,5,95,250,99,7,77,3,0,0,16,93,1,0,1,0,1,1
2,1,1,2,0,,,1,0,1,0,0,0,1,0,0,0,0,0,0,0,0,0,0,0,0,13,0,0,0,0,0,5,5,5,0,5,0,0,0,0,13,1,0,1,0,0,0
12,104,1,86,3373,0.0,0.0,83,0,76,0,7,0,84,0,0,0,12,12,0,12,0,0,12,0,115,685,3,2,4,0,18,212,49,186,20,154,2,0,0,7,224,1,0,1,1,0,0
10,31,1,38,451,0.0,0.0,31,0,31,0,0,0,31,0,0,0,4,4,0,4,0,0,4,0,57,164,0,0,0,0,0,76,61,34,0,34,0,0,0,21,90,1,0,1,1,0,0
9,8,1,13,6,0.0,0.0,8,0,6,0,2,0,8,0,0,0,2,0,0,2,0,0,0,0,1,56,2,0,0,0,0,10,2,10,0,10,0,0,0,0,32,1,0,1,1,0,0
19,49,1,91,0,0.0,0.0,42,0,28,0,14,0,43,0,0,0,6,2,0,6,0,0,2,0,36,400,5,1,2,2,0,69,59,53,8,35,2,0,0,5,126,1,0,1,1,0,1
2,2,1,8,0,0.0,0.0,2,0,2,0,0,0,2,0,0,0,1,1,0,1,0,0,1,0,28,18,0,0,0,0,0,0,31,6,0,2,0,0,0,1,22,1,0,1,0,0,0
8,6,1,29,0,0.0,0.0,6,0,6,0,0,0,6,0,0,0,6,5,0,6,0,0,5,0,3,72,0,0,0,0,0,19,5,12,0,11,0,0,0,0,51,1,0,1,1,0,0
9,6,1,28,0,0.0,0.0,6,0,6,0,0,0,6,0,0,0,6,5,0,6,0,0,5,0,1,72,0,0,0,0,0,15,6,12,0,11,0,0,0,0,53,1,0,1,1,0,0
2,2,1,4,0,,,1,0,1,0,0,0,1,0,0,0,0,0,0,0,0,0,0,0,2,7,0,1,0,0,0,0,0,0,0,0,1,0,0,0,10,1,0,1,1,1,0
4,11,1,14,0,0.0,0.0,11,0,11,0,0,0,11,0,0,0,3,2,0,3,0,0,2,0,7,46,0,0,0,0,0,10,0,6,0,6,0,0,0,0,34,1,0,1,1,0,0
8,24,1,23,207,0.0,0.0,22,0,20,0,2,0,23,0,0,0,13,12,0,13,0,0,12,0,5,150,1,0,1,0,0,28,10,32,0,32,1,0,0,0,68,1,0,1,0,0,0
6,6,1,11,3,0.0,0.0,6,0,4,0,2,0,6,2,0,0,3,0,0,0,3,0,0,0,0,44,0,0,0,0,0,0,0,5,0,5,0,0,1,0,25,1025,0,0,1,0,0
20,85,1,98,0,0.0,0.0,80,0,75,5,0,0,75,0,0,0,3,1,0,3,0,0,3,0,66,598,2,2,0,2,0,197,147,177,2,168,1,0,0,2,152,1,0,1,1,1,0
3,1,1,4,0,,,1,0,1,0,0,0,1,0,0,0,0,0,0,0,0,0,0,0,0,9,0,0,0,0,0,1,0,2,0,2,0,0,0,0,15,1,0,1,1,0,0
31,33,1,130,0,0.0,0.0,26,2,22,4,0,0,22,0,0,0,3,0,0,3,0,0,0,0,160,476,3,4,0,0,0,129,261,128,6,151,2,2,0,30,173,1,0,1,1,1,1
9,9,1,21,0,0.0,0.0,9,0,7,2,0,0,7,0,0,0,3,0,0,3,0,0,0,0,4,65,2,0,0,0,0,8,23,15,0,14,0,0,0,2,40,1,0,1,1,0,0
2,5,1,12,0,0.0,0.0,5,0,5,0,0,0,5,0,0,0,1,0,0,1,0,0,0,0,1,35,0,0,0,0,0,5,4,11,0,11,0,0,0,3,19,1,0,1,1,0,0
8,5,1,37,0,0.0,0.0,5,0,5,0,0,0,5,0,0,0,1,0,0,1,0,0,1,0,28,84,0,0,0,0,0,34,70,19,0,19,0,0,0,0,46,1,0,1,1,0,0
102,148,1,326,2549,0.0,0.0,110,1,82,28,0,0,82,0,0,0,19,1,0,19,0,0,19,0,294,1633,36,11,10,36,5,92,388,496,41,503,4,2,3,52,423,1,0,1,1,1,1
7,5,1,14,0,0.0,0.0,4,0,4,0,0,0,4,0,0,0,6,0,0,6,0,0,6,0,4,60,0,0,0,1,0,3,0,18,0,14,1,0,0,0,46,1,0,1,1,0,0
9,92,1,74,12,0.0,0.0,36,5,24,4,8,0,32,2,0,0,4,0,0,0,4,0,0,0,143,471,9,36,14,0,7,114,162,190,23,168,3,0,0,0,196,1025,0,1,1,1,1
28,24,1,72,0,0.0,0.0,21,0,19,2,0,0,19,0,0,0,7,0,0,7,0,0,0,0,9,267,2,0,0,3,0,12,62,48,1,44,1,5,0,5,122,1,2,1,1,0,1
3,7,1,11,6,0.0,0.0,4,0,4,0,0,0,4,0,0,0,0,0,0,0,0,0,0,0,22,45,0,1,0,0,0,14,5,21,2,21,2,0,0,0,34,1,0,1,0,1,0
84,217,1,308,0,0.0,0.0,157,0,122,35,0,0,122,0,0,0,31,0,0,31,0,0,20,0,419,2022,49,8,24,29,1,177,413,286,19,307,4,13,1,52,433,1025,0,1,1,1,1
8,20,1,25,190,0.0,0.0,20,2,18,2,0,0,18,0,0,0,0,0,0,0,0,0,0,0,8,149,0,0,0,0,0,2,5,31,0,31,0,2,1,5,44,1,0,1,1,0,0
11,14,1,38,11,0.0,0.0,11,0,11,0,0,0,11,0,0,0,3,0,0,3,0,0,3,0,56,124,0,2,0,0,0,45,17,46,2,46,2,0,0,0,51,1,0,1,1,1,1
107,275,1,451,0,0.0,0.0,176,0,130,46,0,0,130,0,0,0,31,1,0,31,0,0,2,0,454,2811,45,45,26,13,9,268,1310,521,36,519,5,3,0,61,565,1,0,1,1,1,1
49,91,2,128,0,0.0,0.0,59,0,41,18,0,0,41,0,0,0,20,10,0,20,0,0,13,0,41,917,42,2,0,13,7,116,169,106,23,118,2,3,1,35,244,1,0,1,1,1,1
17,37,1,78,0,0.0,0.0,37,0,37,0,0,0,37,0,0,0,8,0,0,8,0,0,7,0,195,495,0,0,0,0,0,35,175,78,3,80,0,0,1,14,125,1,0,1,1,0,1
19,12,1,37,8,0.0,0.0,9,0,5,4,0,0,5,0,0,0,3,0,0,3,0,0,3,0,34,80,2,2,0,0,0,43,17,17,0,17,1,0,0,0,57,1,0,1,1,1,0
5,2,1,10,0,,,1,0,1,0,0,0,1,0,0,0,0,0,0,0,0,0,0,0,3,21,0,1,0,0,0,3,18,8,0,8,1,0,0,0,19,1,0,1,1,1,0
5,5,1,8,10,0.0,0.0,5,0,4,1,0,0,4,0,0,0,0,0,0,0,0,0,0,0,6,25,0,0,0,0,0,7,9,6,0,6,0,0,0,1,59,1,0,1,0,0,0
11,28,2,32,28,0.0,0.0,8,1,6,2,0,0,6,0,0,0,0,0,0,0,0,0,0,0,47,161,4,1,19,0,0,12,43,62,0,58,1,0,0,0,85,1,0,1,0,0,1
7,20,1,30,0,0.0,0.0,17,3,13,4,0,0,13,0,0,0,5,0,0,5,0,0,0,0,116,212,4,3,0,0,0,43,71,91,0,90,1,0,0,0,75,1,0,1,0,1,1
5,2,1,16,1,0.0,0.0,2,0,2,0,0,0,2,0,0,0,0,0,0,0,0,0,0,0,4,72,0,0,0,0,0,8,9,21,0,19,0,0,0,0,33,1,0,1,1,0,1
10,8,1,18,28,0.0,0.0,8,0,7,1,0,0,7,0,0,0,0,0,0,0,0,0,0,0,13,39,1,0,0,0,0,1,6,8,0,8,0,0,0,3,35,1,0,1,0,0,0
8,23,1,32,0,0.0,0.0,20,4,14,5,0,1,15,0,0,0,10,0,0,10,0,0,6,0,127,200,5,3,0,0,0,21,75,71,0,71,1,0,0,1,79,1,0,1,0,1,1
11,18,1,30,45,0.0,0.0,10,0,10,0,0,0,10,0,0,0,0,0,0,0,0,0,0,0,13,95,0,5,3,0,0,15,45,21,0,19,3,0,0,4,42,1,0,1,1,1,1
40,72,2,149,0,0.0,0.0,54,0,36,18,0,0,37,0,0,0,15,2,0,7,8,0,13,0,37,650,14,4,2,1,4,45,216,138,37,136,2,0,2,8,214,1,0,0,0,0,0
4,2,1,10,1,0.0,0.0,2,0,2,0,0,0,2,0,0,0,0,0,0,0,0,0,0,0,3,18,0,0,0,0,0,4,4,2,0,2,0,0,0,0,15,1,0,1,1,0,0
70,78,1,191,1452,0.0,0.0,57,4,46,11,0,0,46,0,0,0,8,2,0,8,0,0,8,0,152,861,12,5,9,27,4,145,214,243,16,255,4,1,3,33,286,1,0,1,1,1,1
3,3,1,11,3,0.0,0.0,3,0,3,0,0,0,3,0,0,0,0,0,0,0,0,0,0,0,0,54,0,0,0,0,0,3,20,21,3,20,0,0,0,0,30,1,0,1,0,0,0
5,4,1,12,6,0.0,0.0,4,0,2,2,0,0,2,0,0,0,1,0,0,1,0,0,1,0,0,29,2,0,0,0,0,0,9,8,0,8,0,0,0,0,27,1,0,0,1,0,0
38,103,1,120,0,0.0,0.0,38,0,26,12,0,0,26,0,0,0,20,0,0,20,0,0,2,0,55,735,8,38,7,1,7,93,344,289,80,239,4,3,3,1,280,1,0,1,1,1,1
7,1,1,6,0,,,1,0,1,0,0,0,1,0,0,0,4,4,0,4,0,0,4,0,4,12,0,0,0,0,0,9,11,7,0,7,0,0,0,0,39,1,0,1,0,0,0
5,4,1,7,0,0.0,0.0,2,0,2,0,0,0,2,0,0,0,4,4,0,1,0,3,4,0,8,45,0,2,0,0,0,9,38,24,0,21,1,0,0,0,36,1,0,1,1,1,1
83,142,2,265,0,0.0,0.0,93,1,65,25,0,3,68,0,0,0,21,9,0,21,0,0,10,0,186,2055,24,12,22,11,4,178,910,411,28,406,3,1,3,17,432,1,0,1,1,1,1
13,29,1,41,0,0.0,0.0,13,0,9,4,0,0,9,0,0,0,5,1,0,5,0,0,1,0,18,189,3,4,1,3,0,32,46,43,4,29,3,0,0,2,119,1,0,1,1,1,1
18,32,1,50,0,0.0,0.0,11,0,10,1,0,0,10,0,0,0,2,0,0,2,0,0,2,0,10,173,0,12,5,3,0,24,57,41,5,43,4,0,1,4,123,1,0,1,1,1,1
74,212,1,251,0,0.0,0.0,157,0,117,40,0,0,117,0,0,0,26,6,0,26,0,0,22,0,83,2380,25,1,35,15,4,103,328,324,14,334,2,0,0,142,370,1,13,1,1,0,1
12,34,2,48,0,0.0,0.0,17,0,14,3,0,0,14,0,0,0,4,0,0,4,0,0,4,0,6,283,2,5,2,6,0,26,91,57,19,55,2,3,2,8,188,1,0,1,1,1,0
7,11,1,10,0,0.0,0.0,3,0,3,0,0,0,3,0,0,0,1,1,0,1,0,0,1,0,12,58,0,3,7,0,0,17,67,29,4,27,2,0,0,0,61,1,0,1,0,1,0
7,25,1,11,0,0.0,0.0,3,0,3,0,0,0,3,0,0,0,3,3,0,3,0,0,3,0,12,110,0,8,18,0,0,18,93,52,12,38,2,0,0,0,70,1,0,1,1,1,1
20,65,1,64,0,0.0,0.0,60,0,58,2,0,0,58,0,0,0,5,0,0,5,0,0,4,0,10,561,2,0,1,4,0,50,13,48,0,50,1,12,0,15,155,1,0,1,1,0,1
6,1,1,6,0,,,1,0,1,0,0,0,1,0,0,0,4,0,0,4,0,0,4,0,4,28,0,0,0,0,0,0,0,9,0,6,0,0,0,0,19,1,0,1,0,0,0
2,5,1,5,1,0.0,0.0,2,0,2,0,0,0,2,0,0,0,0,0,0,0,0,0,0,0,0,41,0,0,0,3,0,21,19,7,0,7,1,0,0,0,35,1,0,1,1,0,0
7,1,1,21,0,,,1,0,1,0,0,0,1,0,0,0,0,0,0,0,0,0,0,0,12,20,0,0,0,0,0,5,24,7,0,7,0,0,0,0,24,1,0,1,1,0,1
14,24,1,38,46,0.0,0.0,12,6,6,6,0,0,6,0,0,0,1,1,0,1,0,0,1,0,81,203,3,6,1,1,0,78,229,48,6,48,2,1,2,0,123,1,0,1,1,0,1
12,7,1,17,1,0.0,0.0,7,0,6,1,0,0,6,0,0,0,5,0,0,5,0,0,2,0,5,56,1,0,0,0,0,3,0,11,0,11,0,0,0,1,42,1,0,1,1,0,0
6,10,1,14,3,0.0,0.0,10,1,10,0,0,0,10,0,0,0,3,2,0,3,0,0,2,0,3,49,1,0,0,0,0,12,1,7,0,7,0,0,0,0,35,1,0,1,0,0,0
11,7,1,16,1,0.0,0.0,7,0,6,1,0,0,6,0,0,0,6,0,0,6,0,0,3,0,5,57,1,0,0,0,0,2,3,12,0,12,0,0,0,1,43,1,0,1,1,0,0
4,4,1,5,0,0.0,0.0,3,0,3,0,0,0,4,0,0,0,6,6,0,6,0,0,6,0,3,35,0,0,0,0,0,7,1,11,0,11,0,0,0,0,37,1,0,1,1,0,0
17,11,1,46,0,0.0,0.0,11,0,7,4,0,0,7,0,0,0,3,0,0,3,0,0,3,0,20,98,1,0,0,0,0,6,29,20,2,20,0,0,0,6,51,1,0,1,1,0,1
21,31,1,59,429,0.0,0.0,30,17,13,17,0,0,13,0,0,0,2,2,0,2,0,0,2,0,226,385,13,0,0,1,0,132,86,76,3,76,1,0,4,0,104,0,0,1,1,0,1
28,22,1,78,153,0.0,0.0,18,0,10,8,0,0,10,0,0,0,0,0,0,0,0,0,0,0,36,150,6,3,0,0,0,22,35,54,2,57,2,0,0,2,87,1,0,1,0,1,0
14,15,1,63,72,0.0,0.0,13,1,3,10,0,0,3,0,0,0,1,0,0,1,0,0,1,0,26,99,5,2,0,0,0,10,17,34,0,34,2,0,0,0,72,1,0,1,1,0,0
8,4,1,19,0,0.0,0.0,4,1,3,1,0,0,3,0,0,0,5,0,0,5,0,0,5,0,7,44,1,0,0,0,0,6,17,6,0,6,0,0,0,0,37,1,0,1,1,0,0
18,24,1,54,231,0.0,0.0,22,0,10,12,0,0,10,0,0,0,0,0,0,0,0,0,0,0,27,136,9,1,1,0,0,22,36,38,0,38,2,0,0,1,68,1,0,1,1,0,0
12,9,1,32,36,0.0,0.0,9,0,7,2,0,0,7,0,0,0,0,0,0,0,0,0,0,0,17,65,2,0,0,0,0,11,3,24,0,24,0,0,0,4,47,1,0,1,1,0,0
2,1,1,2,0,,,1,0,1,0,0,0,1,0,0,0,0,0,0,0,0,0,0,0,5,9,0,0,0,0,0,5,0,0,0,0,0,0,0,0,12,0,0,1,0,0,0
3,1,1,5,0,,,1,0,1,0,0,0,1,0,0,0,0,0,0,0,0,0,0,0,2,7,0,0,0,0,0,2,0,1,0,1,0,0,0,1,15,1,0,1,1,0,0
288,271,2,759,19098,0.0,0.0,196,38,149,47,0,0,149,0,0,0,6,6,0,6,0,0,6,0,1273,3017,80,25,35,133,9,733,993,987,47,1002,4,1,1,103,615,1,10,1,1,1,1
9,10,1,23,3,0.0,0.0,3,0,3,0,0,0,3,0,0,0,0,0,0,0,0,0,0,0,8,77,0,0,0,7,0,16,3,18,0,18,1,0,0,0,55,1,0,1,1,0,1
6,12,1,27,43,0.0,0.0,10,0,8,2,0,0,8,0,0,0,1,0,0,1,0,0,0,0,11,61,2,0,0,0,0,25,8,12,2,12,0,0,0,5,49,1,0,1,0,0,0
6,12,1,27,43,0.0,0.0,10,0,8,2,0,0,8,0,0,0,1,0,0,1,0,0,0,0,11,61,2,0,0,0,0,25,8,12,2,12,0,0,0,5,49,1,0,1,0,0,0
14,7,1,22,1,0.0,0.0,7,0,7,0,0,0,7,0,0,0,1,1,0,1,0,0,1,0,5,56,0,0,0,0,0,2,2,14,0,14,0,0,0,5,50,1,0,1,0,0,0
14,7,1,22,1,0.0,0.0,7,0,7,0,0,0,7,0,0,0,1,1,0,1,0,0,1,0,5,56,0,0,0,0,0,2,2,14,0,14,0,0,0,5,50,1,0,1,0,0,0
10,23,1,47,0,0.0,0.0,16,0,15,1,0,0,16,0,0,0,18,2,0,18,0,0,13,0,22,244,0,3,0,1,3,33,54,39,31,37,1,0,0,0,96,1,0,0,0,0,0
67,91,1,162,1018,0.0,0.0,48,1,35,13,0,0,35,0,0,0,2,0,0,2,0,0,2,0,61,473,2,12,3,2,0,90,202,110,13,108,2,0,0,20,232,17,0,1,1,1,1
12,3,1,18,1,0.0,0.0,2,0,2,0,0,0,2,0,0,0,0,0,0,0,0,0,0,0,5,23,0,1,0,0,0,5,3,10,1,10,1,0,0,0,28,1,0,1,1,1,0
14,5,1,39,6,0.0,0.0,4,0,4,0,0,0,4,0,0,0,0,0,0,0,0,0,0,0,17,44,0,1,0,0,0,9,29,21,0,21,1,0,0,0,36,1,0,1,1,1,1
6,1,1,12,0,,,1,0,1,0,0,0,1,0,0,0,0,0,0,0,0,0,0,0,5,9,0,0,0,0,0,2,6,2,0,2,0,0,0,0,20,1,0,1,1,0,0
5,2,1,7,0,0.0,0.0,2,0,2,0,0,0,2,0,0,0,7,7,0,7,0,0,0,0,4,23,0,0,0,0,0,2,6,9,0,9,0,0,0,0,30,1,0,1,1,0,0
9,2,1,12,0,,,1,0,1,0,0,0,1,0,0,0,0,0,0,0,0,0,0,0,3,17,0,1,0,0,0,1,2,7,1,7,1,0,0,0,20,0,0,1,1,1,0
12,7,1,36,6,0.0,0.0,4,0,3,1,0,0,3,0,0,0,0,0,0,0,0,0,0,0,13,50,0,3,0,0,0,16,7,16,7,16,2,0,0,1,54,1,0,1,1,0,0
8,6,1,12,1,0.0,0.0,2,0,2,0,0,0,2,0,0,0,0,0,0,0,0,0,0,0,3,23,0,3,0,0,0,0,5,9,0,9,2,0,0,1,25,1,0,1,1,1,0
10,5,1,22,0,0.0,0.0,3,0,3,0,0,0,3,0,0,0,7,7,0,6,1,0,0,0,5,35,0,2,0,0,0,1,9,13,0,13,1,0,0,0,35,1,0,1,1,1,0
4,1,1,10,0,,,1,0,1,0,0,0,1,0,0,0,0,0,0,0,0,0,0,0,0,14,0,0,0,0,0,3,4,3,0,3,0,0,0,0,13,1,0,1,1,0,0
16,28,1,43,36,0.0,0.0,9,1,7,2,0,0,7,0,0,0,0,0,0,0,0,0,0,0,6,130,2,15,0,0,1,4,37,30,1,30,4,0,0,0,51,1,1,1,1,1,1
4,4,1,21,6,0.0,0.0,4,0,4,0,0,0,4,0,0,0,0,0,0,0,0,0,0,0,9,53,0,0,0,0,0,4,23,18,0,18,0,0,0,0,35,1,0,1,1,0,0
9,3,1,8,1,0.0,0.0,2,0,2,0,0,0,2,0,0,0,0,0,0,0,0,0,0,0,0,14,0,1,0,0,1,1,4,4,1,4,1,0,0,0,21,1,1,1,0,1,0
11,8,1,22,7,0.0,0.0,7,2,5,2,0,0,5,0,0,0,6,6,0,6,0,0,6,0,12,43,1,1,1,0,0,13,3,18,0,18,1,0,0,2,61,1,0,0,1,0,0
6,1,1,13,0,,,1,0,1,0,0,0,1,0,0,0,0,0,0,0,0,0,0,0,1,12,0,0,0,0,0,2,5,3,0,3,0,0,0,0,17,1,1,1,1,0,0
10,5,1,17,0,0.0,0.0,3,0,3,0,0,0,3,0,0,0,11,0,0,0,11,0,7,0,5,41,0,1,0,0,0,2,7,15,0,15,2,0,0,0,37,1,0,1,1,1,0
8,16,1,23,0,0.0,0.0,6,0,6,0,0,0,6,0,0,0,6,0,0,6,0,0,5,0,11,83,0,5,0,0,0,4,13,19,0,19,2,0,0,0,43,1,2,1,1,1,0
10,8,1,12,4,0.0,0.0,8,1,7,1,0,0,7,0,0,0,6,6,0,6,0,0,6,0,10,45,0,0,0,0,0,12,2,19,0,19,0,0,0,2,50,1,0,0,1,0,0
7,2,1,14,0,,,1,0,1,0,0,0,1,0,0,0,4,4,0,4,0,0,0,0,1,22,0,1,0,0,0,3,6,8,0,8,1,0,0,0,25,1,0,1,1,1,0
11,4,1,17,0,0.0,0.0,3,0,3,0,0,0,3,0,0,0,11,0,0,0,11,0,7,0,1,42,0,1,0,0,0,2,6,17,0,17,1,0,0,0,39,1,0,1,1,1,0
2,1,1,2,0,,,1,0,1,0,0,0,1,0,0,0,0,0,0,0,0,0,0,0,0,5,0,0,0,0,0,0,1,0,0,0,0,0,0,1,10,0,0,0,0,0,0
8,7,1,17,6,0.0,0.0,4,0,4,0,0,0,4,0,0,0,0,0,0,0,0,0,0,0,6,33,0,2,0,1,0,21,5,8,1,8,2,0,0,1,49,1,0,1,1,1,0
4,1,1,5,0,,,1,0,1,0,0,0,1,0,0,0,0,0,0,0,0,0,0,0,0,5,0,0,0,0,0,3,1,0,0,0,0,0,0,1,11,1,0,0,0,0,0
14,3,1,23,1,0.0,0.0,2,0,2,0,0,0,2,0,0,0,0,0,0,0,0,0,0,0,9,24,0,1,0,0,0,17,17,7,0,7,1,0,0,0,29,1,0,1,1,1,0
14,7,1,27,0,0.0,0.0,4,0,4,0,0,0,4,0,0,0,13,13,0,2,11,0,0,0,8,48,0,2,0,0,0,6,7,20,0,20,2,0,0,1,48,1,0,1,1,1,0
16,16,1,45,99,0.0,0.0,15,1,13,2,0,0,13,0,0,0,1,0,0,1,0,0,1,0,75,108,1,1,0,0,0,30,81,44,1,44,1,0,0,2,79,1,0,1,0,1,0
14,14,1,39,15,0.0,0.0,6,0,4,2,0,0,4,0,0,0,0,0,0,0,0,0,0,0,18,88,2,5,0,0,0,8,28,28,2,25,2,0,0,0,45,1,0,1,1,1,0
6,4,1,13,3,0.0,0.0,3,0,3,0,0,0,3,0,0,0,0,0,0,0,0,0,0,0,4,31,0,1,0,0,0,3,5,11,0,11,1,0,0,0,29,1,0,1,1,1,0
7,3,2,16,1,0.0,0.0,2,0,2,0,0,0,2,0,0,0,0,0,0,0,0,0,0,0,5,17,0,1,0,0,0,0,1,3,0,3,1,0,0,0,22,1,0,1,1,1,0
5,3,1,19,3,0.0,0.0,3,0,3,0,0,0,3,0,0,0,0,0,0,0,0,0,0,0,11,47,0,0,0,4,0,7,26,15,0,13,1,0,0,4,27,1,0,1,1,0,0
13,13,1,36,0,0.0,0.0,6,0,6,0,0,0,6,0,0,0,10,0,0,10,0,0,9,0,19,87,0,3,0,0,0,3,20,25,0,29,2,0,0,2,55,1,3,1,1,1,1
9,14,1,23,0,0.0,0.0,4,0,4,0,0,0,4,0,0,0,7,0,0,7,0,0,5,0,3,74,0,4,0,0,0,4,11,17,1,15,3,0,0,2,44,1,1,1,1,1,1
8,12,1,29,6,0.0,0.0,4,0,4,0,0,0,4,0,0,0,0,0,0,0,0,0,0,0,18,69,0,4,0,0,0,6,9,19,0,21,2,0,0,4,29,1,0,1,1,1,0
16,9,1,36,22,0.0,0.0,9,4,5,4,0,0,5,0,0,0,8,8,0,8,0,0,8,0,28,54,3,0,0,0,0,11,10,22,0,22,0,0,0,2,70,1,0,1,1,0,0
22,14,1,66,10,0.0,0.0,5,0,4,1,0,0,4,0,0,0,0,0,0,0,0,0,0,0,33,76,1,3,0,0,1,13,72,21,2,21,2,0,0,1,89,1,1,1,1,1,1
10,7,1,16,5,0.0,0.0,6,2,4,2,0,0,4,0,0,0,6,6,0,6,0,0,6,0,10,38,1,1,1,0,0,13,3,16,0,16,1,0,0,2,57,1,0,0,1,0,0
7,2,1,13,0,,,1,0,1,0,0,0,1,0,0,0,0,0,0,0,0,0,0,0,1,16,0,1,0,0,0,1,4,7,0,7,1,0,0,0,22,1,0,1,1,1,0
4,1,1,5,0,,,1,0,1,0,0,0,1,0,0,0,0,0,0,0,0,0,0,0,0,5,0,0,0,0,0,3,1,0,0,0,0,0,0,1,12,1,0,0,0,0,0
18,2,1,36,1,0.0,0.0,2,0,2,0,0,0,2,0,0,0,0,0,0,0,0,0,0,0,6,40,0,0,0,0,0,7,11,19,0,19,0,0,0,0,47,1,0,1,1,0,1
6,2,1,11,0,,,1,0,1,0,0,0,1,0,0,0,0,0,0,0,0,0,0,0,2,17,0,1,0,0,0,0,4,5,0,4,1,0,0,0,18,1,0,1,1,1,0
6,4,1,16,0,0.0,0.0,3,0,3,0,0,0,4,0,0,0,4,4,0,4,0,0,3,0,1,27,0,0,0,0,0,3,3,6,0,6,0,0,0,1,44,1,0,1,1,0,0
11,4,1,22,0,0.0,0.0,4,0,4,0,0,0,4,0,0,0,9,9,0,9,0,0,9,0,7,29,0,0,0,0,0,12,6,15,0,15,0,0,0,2,51,1,0,1,1,0,0
11,9,1,23,0,0.0,0.0,4,0,4,0,0,0,4,0,0,0,8,0,0,8,0,0,6,0,3,48,0,2,0,1,0,8,5,18,1,17,3,0,0,1,52,1,0,1,1,1,0
10,5,1,23,6,0.0,0.0,4,0,4,0,0,0,4,0,0,0,0,0,0,0,0,0,0,0,3,38,0,1,0,0,0,8,17,11,1,11,1,0,0,0,31,1,0,1,1,1,0
21,19,1,59,10,0.0,0.0,5,0,4,1,0,0,4,0,0,0,0,0,0,0,0,0,0,0,28,75,1,6,1,0,1,11,75,18,1,19,4,0,0,1,91,1,1,1,1,1,1
11,6,1,33,3,0.0,0.0,3,0,3,0,0,0,3,0,0,0,0,0,0,0,0,0,0,0,8,69,0,2,0,0,0,13,32,23,0,23,2,0,0,0,36,1,0,1,1,1,0
14,9,2,33,0,0.0,0.0,5,0,4,1,0,0,4,0,0,0,7,7,0,7,0,0,0,0,8,57,0,3,0,0,0,1,9,16,0,15,2,0,0,1,54,1,0,1,1,1,1
21,17,1,56,72,0.0,0.0,13,0,12,1,0,0,12,0,0,0,3,3,0,3,0,0,3,0,19,207,0,2,1,3,0,57,74,65,1,56,2,1,0,1,142,1,0,1,1,1,1
34,52,1,97,0,0.0,0.0,30,0,27,3,0,0,27,0,0,0,6,2,0,6,0,0,2,0,24,622,1,10,1,8,14,288,228,159,59,154,3,0,5,10,282,1,0,1,1,1,1
2,2,1,6,1,0.0,0.0,2,0,2,0,0,0,2,0,0,0,0,0,0,0,0,0,0,0,1,11,0,0,0,0,0,13,1,1,0,1,0,0,0,1,14,1,0,1,0,0,0
7,4,1,16,6,0.0,0.0,4,1,3,1,0,0,3,0,0,0,1,1,0,1,0,0,1,0,10,54,1,0,0,0,0,25,12,10,0,10,0,0,0,1,23,1,0,1,1,0,0
11,5,1,23,10,0.0,0.0,5,0,5,0,0,0,5,0,0,0,0,0,0,0,0,0,0,0,10,128,0,0,0,5,0,129,9,26,0,25,1,0,0,0,41,1,0,1,1,0,1
7,3,1,11,0,0.0,0.0,3,0,3,0,0,0,3,0,0,0,1,0,0,0,0,1,0,0,4,32,0,0,0,0,0,0,33,5,0,5,0,0,0,0,16,1,0,1,1,0,0
6,15,1,17,13,0.0,0.0,6,1,5,1,0,0,5,0,0,0,1,1,0,1,0,0,1,0,2,119,0,9,0,0,0,43,214,20,7,18,2,0,0,0,54,1,0,1,0,1,0
6,15,1,17,13,0.0,0.0,6,1,5,1,0,0,5,0,0,0,1,1,0,1,0,0,1,0,2,119,0,9,0,0,0,43,214,20,7,18,2,0,0,0,54,1,0,1,1,0,0
7,5,1,9,6,0.0,0.0,4,1,3,1,0,0,3,0,0,0,0,0,0,0,0,0,0,0,7,51,1,1,0,0,0,0,77,13,0,9,1,0,0,0,17,1,0,1,0,1,0
7,5,1,9,6,0.0,0.0,4,1,3,1,0,0,3,0,0,0,0,0,0,0,0,0,0,0,7,51,1,1,0,0,0,0,77,13,0,9,1,0,0,0,17,1,0,1,1,0,0
7,4,1,12,0,,,1,0,1,0,0,0,1,0,0,0,1,1,0,1,0,0,1,0,2,36,0,3,0,0,0,6,16,28,6,22,2,0,0,0,39,1,0,1,1,1,1
17,16,1,21,26,0.0,0.0,9,0,7,0,2,0,9,0,0,0,4,1,0,4,0,0,1,0,3,86,2,7,7,0,0,15,66,26,4,26,1,0,0,3,64,1,0,1,1,1,1
3,6,1,10,0,0.0,0.0,6,0,6,0,0,0,6,0,0,0,6,3,0,6,0,0,3,0,0,42,0,0,0,0,0,3,4,10,0,6,0,0,0,1,40,1,0,1,1,0,0
24,20,1,61,21,0.0,0.0,7,4,2,5,0,0,2,0,0,0,0,0,0,0,0,0,0,0,24,125,3,8,3,3,0,39,42,31,3,26,3,1,0,0,121,1,0,1,0,0,0
29,61,1,130,0,0.0,0.0,34,1,24,10,0,0,24,0,0,0,3,0,0,3,0,0,0,0,77,410,4,18,6,4,1,66,185,127,40,113,4,0,0,5,271,1,0,1,1,1,1
3,2,1,4,0,,,1,0,1,0,0,0,1,0,0,0,0,0,0,0,0,0,0,0,3,19,0,1,0,0,0,1,8,3,0,3,1,0,1,0,15,1,0,1,1,1,0
22,30,1,79,210,0.0,0.0,21,1,20,1,0,0,20,0,0,0,0,0,0,0,0,0,0,0,53,239,1,9,0,2,2,82,167,84,11,84,3,0,0,5,107,1,0,1,1,1,1
11,21,1,33,148,0.0,0.0,20,0,20,0,0,0,20,0,0,0,1,0,0,1,0,0,0,0,122,325,0,1,0,0,0,27,157,118,20,118,1,0,0,17,67,1,0,1,1,1,1
7,3,2,11,0,,,1,0,1,0,0,0,1,0,0,0,0,0,0,0,0,0,0,0,2,34,0,2,0,0,0,0,5,11,2,10,1,0,1,0,31,1,0,1,1,1,0
2,1,1,6,0,,,1,0,1,0,0,0,1,0,0,0,0,0,0,0,0,0,0,0,0,15,0,0,0,0,0,0,8,4,0,4,0,0,0,0,13,1,0,1,1,0,0
2,2,1,6,1,0.0,0.0,2,0,2,0,0,0,2,0,0,0,0,0,0,0,0,0,0,0,4,19,0,0,0,0,0,0,5,4,0,4,0,0,0,0,14,1,0,1,0,0,0
3,6,1,11,15,0.0,0.0,6,0,6,0,0,0,6,0,0,0,0,0,0,0,0,0,0,0,4,34,0,0,0,0,0,0,10,8,0,8,0,0,0,4,29,1,0,1,1,0,0
10,3,1,17,3,0.0,0.0,3,0,2,1,0,0,2,0,0,0,0,0,0,0,0,0,0,0,5,22,0,0,0,0,0,1,11,8,0,8,0,0,0,1,49,1,0,1,0,0,0
6,2,1,9,1,0.0,0.0,2,0,2,0,0,0,2,0,0,0,0,0,0,0,0,0,0,0,3,18,0,0,0,0,0,0,2,6,0,6,0,0,0,0,23,1,0,1,1,0,0
7,4,1,23,6,0.0,0.0,4,0,4,0,0,0,4,0,0,0,0,0,0,0,0,0,0,0,13,69,0,0,0,0,0,30,32,20,3,16,0,0,0,0,36,1,0,1,1,0,0
13,6,1,22,0,0.0,0.0,4,0,3,1,0,0,3,0,0,0,2,0,0,2,0,0,0,0,5,31,1,2,0,0,0,2,6,8,4,8,1,0,0,0,27,1,0,1,1,1,0
11,18,1,30,55,0.0,0.0,11,0,11,0,0,0,11,0,0,0,0,0,0,0,0,0,0,0,16,114,0,5,0,2,0,70,67,40,2,40,2,0,0,5,96,1,0,1,1,1,1
3,24,1,4,276,0.0,0.0,24,0,24,0,0,0,24,0,0,0,0,0,0,0,0,0,0,0,0,74,0,0,0,0,0,41,0,0,0,0,0,0,0,0,36,1,0,1,1,0,0
7,8,1,14,0,0.0,0.0,8,0,8,0,0,0,8,0,0,0,7,7,0,7,0,0,7,0,0,73,0,0,0,0,0,22,0,8,0,8,0,0,0,3,52,1,0,1,1,0,1
2,4,1,1,6,0.0,0.0,4,0,4,0,0,0,4,0,0,0,0,0,0,0,0,0,0,0,0,14,0,0,0,0,0,3,0,0,0,0,0,0,0,4,14,1,0,0,0,0,0
7,16,1,38,85,0.0,0.0,15,0,11,4,0,0,11,0,0,0,16,0,0,16,0,0,16,0,48,239,0,1,0,0,1,0,208,53,1,49,1,0,0,2,84,1,0,1,1,0,1
2,2,1,8,1,0.0,0.0,2,0,2,0,0,0,2,0,0,0,0,0,0,0,0,0,0,0,2,29,0,0,0,0,0,25,3,6,0,6,0,0,0,0,24,1,0,1,0,0,0
8,6,1,16,0,0.0,0.0,6,0,4,2,0,0,4,0,0,0,7,5,0,7,0,0,5,0,5,39,1,0,0,0,0,15,2,7,1,7,0,0,0,0,54,1,0,1,0,0,0
3,4,2,9,1,0.0,0.0,2,0,2,0,0,0,2,0,0,0,0,0,0,0,0,0,0,0,1,30,0,2,0,0,0,0,3,7,0,7,1,0,1,0,16,1,0,1,1,1,0
6,6,1,22,15,0.0,0.0,6,0,4,2,0,0,4,0,0,0,0,0,0,0,0,0,0,0,15,49,0,0,0,0,0,2,23,12,1,12,0,0,0,0,27,1,0,1,1,0,0
9,9,1,15,19,0.0,0.0,7,0,5,2,0,0,5,0,0,0,4,0,0,4,0,0,0,0,6,48,2,1,0,0,0,8,4,15,5,15,2,0,0,0,46,1,0,1,0,0,0
6,17,1,25,28,0.0,0.0,8,1,6,0,0,2,8,0,0,0,0,0,0,0,0,0,0,0,9,107,0,7,3,0,6,16,48,31,14,29,2,0,0,0,62,1,0,1,0,1,0
2,3,1,9,3,0.0,0.0,3,0,3,0,0,0,3,0,0,0,0,0,0,0,0,0,0,0,1,28,0,0,0,0,0,13,0,1,0,1,0,0,0,2,14,1,0,1,1,0,0
5,4,1,9,0,0.0,0.0,4,0,4,0,0,0,4,0,0,0,1,1,0,1,0,0,1,0,3,21,0,0,0,0,0,18,2,7,2,7,0,0,0,2,56,1,0,1,0,0,0
2,2,1,10,1,0.0,0.0,2,0,2,0,0,0,2,0,0,0,0,0,0,0,0,0,0,0,4,21,0,0,0,0,0,4,0,9,0,11,0,0,0,4,19,1,0,1,0,0,0
4,7,1,17,0,0.0,0.0,7,0,7,0,0,0,7,0,0,0,1,0,0,1,0,0,1,0,0,92,0,0,0,0,0,0,59,10,5,10,0,0,0,0,24,1,0,1,1,0,0
5,6,1,9,8,0.0,0.0,5,0,5,0,0,0,5,0,0,0,1,0,0,1,0,0,0,0,14,45,0,0,0,0,0,14,12,8,0,3,0,0,0,0,27,1,0,1,0,1,1
14,63,1,149,1326,0.0,0.0,52,1,44,7,0,1,45,0,0,0,0,0,0,0,0,0,0,0,207,590,3,2,2,10,3,213,208,131,11,126,3,0,1,15,265,1,0,1,1,1,1
3,5,1,15,3,0.0,0.0,3,0,3,0,0,0,3,0,0,0,0,0,0,0,0,0,0,0,8,42,0,0,1,0,0,0,25,18,0,17,1,0,0,1,36,1,0,1,1,1,1
2,7,1,7,0,0.0,0.0,4,0,4,0,0,0,4,0,0,0,3,3,0,3,0,0,3,0,4,56,0,0,0,6,0,6,0,8,5,8,2,0,0,1,38,1,0,1,1,0,0
3,3,1,11,3,0.0,0.0,3,0,3,0,0,0,3,0,0,0,0,0,0,0,0,0,0,0,3,26,0,0,0,0,0,15,12,4,0,4,0,0,0,2,19,1,0,1,0,0,0
2,5,1,4,1,0.0,0.0,2,0,2,0,0,0,2,0,0,0,0,0,0,0,0,0,0,0,2,26,0,2,0,0,1,0,22,8,4,8,3,0,0,0,18,1,0,1,1,1,0
2,4,1,16,6,0.0,0.0,4,0,4,0,0,0,4,0,0,0,0,0,0,0,0,0,0,0,15,63,0,0,0,3,0,4,3,11,0,17,2,0,0,5,19,1,0,1,1,0,0
2,7,1,9,21,0.0,0.0,7,0,7,0,0,0,7,0,0,0,0,0,0,0,0,0,0,0,7,81,0,0,0,0,0,100,3,14,0,14,0,0,0,0,32,1,0,1,0,0,1
3,1,1,6,0,,,1,0,1,0,0,0,1,0,0,0,0,0,0,0,0,0,0,0,3,9,0,0,0,1,0,0,2,3,0,3,1,0,0,0,16,1,0,0,0,0,0
3,1,1,6,0,,,1,0,1,0,0,0,1,0,0,0,0,0,0,0,0,0,0,0,1,19,0,0,0,0,0,0,19,3,1,3,0,0,0,0,15,1,0,1,1,0,0
3,3,1,6,1,0.0,0.0,2,0,2,0,0,0,2,0,0,0,0,0,0,0,0,0,0,0,1,19,0,1,0,0,0,4,7,7,4,7,1,0,0,0,19,1,0,1,1,1,0
3,3,1,7,1,0.0,0.0,2,0,2,0,0,0,2,0,0,0,0,0,0,0,0,0,0,0,4,19,0,1,0,0,0,4,8,7,4,7,1,0,0,0,20,1,0,1,0,1,0
5,3,2,4,3,0.0,0.0,3,0,2,0,1,0,3,0,0,0,0,0,0,0,0,0,0,0,0,20,1,0,0,0,0,0,16,2,0,2,0,0,0,0,13,1,0,1,1,0,0
5,3,2,4,3,0.0,0.0,3,0,2,0,1,0,3,0,0,0,0,0,0,0,0,0,0,0,0,20,1,0,0,0,0,0,16,2,0,2,0,0,0,0,13,1,0,1,1,0,0
3,4,1,7,6,0.0,0.0,4,0,4,0,0,0,4,0,0,0,0,0,0,0,0,0,0,0,0,24,0,0,0,0,0,0,17,3,1,3,0,0,0,1,26,1,0,1,1,0,0
3,4,1,7,6,0.0,0.0,4,0,4,0,0,0,4,0,0,0,0,0,0,0,0,0,0,0,0,24,0,0,0,0,0,0,17,3,1,3,0,0,0,1,26,1,0,1,1,0,0
4,9,1,22,36,0.0,0.0,9,0,6,3,0,0,6,0,0,0,0,0,0,0,0,0,0,0,7,61,0,0,0,0,0,4,25,8,0,8,0,0,0,0,26,1,0,1,1,0,0
5,6,1,13,3,0.0,0.0,3,0,2,1,0,0,2,0,0,0,0,0,0,0,0,0,0,0,6,42,0,1,0,1,0,5,4,11,3,11,2,0,2,0,42,1,0,1,1,1,0
2,1,1,1,0,,,1,0,1,0,0,0,1,0,0,0,0,0,0,0,0,0,0,0,0,5,0,0,0,0,0,0,0,0,0,0,0,0,0,0,9,1,0,0,1,0,0
2,6,1,12,15,0.0,0.0,6,0,6,0,0,0,6,0,0,0,0,0,0,0,0,0,0,0,24,47,0,0,0,0,0,17,0,19,0,29,0,0,0,16,26,1,0,1,0,0,0
5,4,1,11,6,0.0,0.0,4,0,4,0,0,0,4,0,0,0,0,0,0,0,0,0,0,0,4,30,0,0,0,0,0,4,38,4,0,4,0,0,0,0,40,1,0,1,1,0,0
4,6,1,13,15,0.0,0.0,6,0,6,0,0,0,6,0,0,0,0,0,0,0,0,0,0,0,20,48,0,0,0,0,0,14,36,11,0,11,0,0,0,10,42,1,0,1,1,0,1
5,11,1,34,55,0.0,0.0,11,0,11,0,0,0,11,0,0,0,0,0,0,0,0,0,0,0,63,85,0,0,0,0,0,35,38,38,0,38,0,0,0,4,45,1,0,1,1,0,0
4,15,1,13,10,0.0,0.0,5,0,5,0,0,0,5,0,0,0,0,0,0,0,0,0,0,0,16,44,0,9,0,1,0,36,4,12,2,12,2,0,0,0,45,1,0,1,0,1,0
4,8,1,16,28,0.0,0.0,8,0,6,2,0,0,6,0,0,0,0,0,0,0,0,0,0,0,0,151,1,0,0,0,0,148,75,24,0,18,0,0,0,0,23,1,0,1,1,0,1
3,1,1,4,0,,,1,0,1,0,0,0,1,0,0,0,0,0,0,0,0,0,0,0,1,15,0,0,0,0,0,8,7,10,0,10,0,0,0,0,21,1,0,1,1,0,0
5,3,1,8,1,0.0,0.0,3,0,2,1,0,0,2,0,0,0,3,0,0,3,0,0,0,0,3,21,0,0,0,0,0,6,1,7,2,7,0,0,0,0,61,1,0,1,0,0,0
13,5,1,15,10,0.0,0.0,5,4,1,0,0,4,5,0,0,0,0,0,0,0,0,0,0,0,15,38,4,0,0,0,0,21,19,8,0,9,1,0,0,3,48,1,0,1,0,0,0
6,16,1,26,55,0.0,0.0,11,1,9,1,0,1,10,0,0,0,0,0,0,0,0,0,0,0,15,136,1,1,0,4,0,92,12,17,0,15,1,0,0,2,48,1,0,1,1,0,1
2,3,1,7,3,0.0,0.0,3,0,3,0,0,0,3,0,0,0,0,0,0,0,0,0,0,0,8,14,0,0,0,0,0,0,5,0,0,1,0,0,0,1,18,1,0,1,1,0,0
17,28,6,51,253,0.0,0.0,23,0,21,2,0,0,21,0,0,0,0,0,0,0,0,0,0,0,30,408,1,1,0,4,1,264,2,76,6,71,2,0,5,3,120,1,0,1,1,0,1
3,11,1,11,55,0.0,0.0,11,0,11,0,0,0,11,0,0,0,0,0,0,0,0,0,0,0,9,73,0,0,0,0,0,24,0,13,0,13,0,0,0,8,30,1,0,1,0,0,0
6,9,1,12,0,0.0,0.0,9,0,9,0,0,0,9,0,0,0,9,8,8,1,0,0,8,0,9,93,0,0,0,0,0,20,1,29,0,29,0,0,1,0,51,1,0,1,0,0,0
20,55,1,77,820,0.0,0.0,41,0,39,2,0,0,39,0,0,0,0,0,0,0,0,0,0,0,123,413,0,8,0,4,0,498,124,91,16,91,2,1,2,6,181,1,0,1,1,1,1
8,11,1,27,0,0.0,0.0,11,1,10,1,0,0,10,0,0,0,10,0,0,10,0,0,0,0,24,82,1,0,0,0,0,19,0,21,0,21,0,0,0,0,45,1,0,1,0,0,0
5,7,2,10,0,0.0,0.0,7,0,7,0,0,0,7,0,0,0,1,0,0,1,0,0,0,0,3,46,0,0,0,0,0,13,0,9,0,9,0,0,1,0,24,1,0,1,0,0,0
6,12,3,42,15,0.0,0.0,6,0,6,0,0,0,6,0,0,0,0,0,0,0,0,0,0,0,10,138,0,6,0,0,0,8,31,26,6,30,1,0,2,5,54,1,0,1,1,1,1
3,7,1,14,21,0.0,0.0,7,0,7,0,0,0,7,0,0,0,0,0,0,0,0,0,0,0,6,58,0,0,0,0,0,0,36,16,0,16,0,0,0,2,35,1,0,1,1,0,0
4,11,1,18,10,0.0,0.0,5,0,5,0,0,0,5,0,0,0,0,0,0,0,0,0,0,0,5,30,0,2,0,0,1,4,2,5,2,5,2,0,0,2,96,1,0,1,1,1,0
5,4,1,17,6,0.0,0.0,4,0,4,0,0,0,4,0,0,0,0,0,0,0,0,0,0,0,27,24,0,0,0,0,0,3,28,0,0,0,0,0,0,0,22,17,0,1,0,0,0
6,6,1,10,6,0.0,0.0,4,0,4,0,0,0,4,0,0,0,0,0,0,0,0,0,0,0,11,47,0,0,0,2,0,5,77,10,1,10,1,0,0,0,49,1,0,1,1,0,0
4,6,1,10,15,0.0,0.0,6,0,6,0,0,0,6,0,0,0,0,0,0,0,0,0,0,0,8,48,0,0,0,0,0,4,12,8,0,8,0,0,0,0,17,1,0,1,0,0,0
5,12,8,13,21,0.0,0.0,7,0,7,0,0,0,7,0,0,0,0,0,0,0,0,0,0,0,8,43,0,3,2,0,0,8,1,8,1,6,2,0,1,0,40,1,0,1,1,1,0
11,7,1,30,21,0.0,0.0,7,0,4,3,0,0,4,0,0,0,0,0,0,0,0,0,0,0,15,94,3,0,0,0,0,9,29,33,4,33,0,0,0,0,38,1,0,1,1,0,0
5,19,1,19,19,0.0,0.0,14,0,14,0,0,0,14,0,0,0,1,0,0,1,0,0,0,0,9,93,0,1,2,0,0,6,46,24,5,16,2,0,0,11,61,1,0,1,0,1,1
5,3,1,20,1,0.0,0.0,2,0,2,0,0,0,2,0,0,0,6,6,0,6,0,0,6,0,8,32,0,1,0,0,0,16,32,16,0,16,1,0,0,8,44,1,0,1,1,1,0
3,3,1,6,3,0.0,0.0,3,0,3,0,0,0,3,0,0,0,0,0,0,0,0,0,0,0,0,51,0,0,0,0,0,54,11,3,0,3,0,0,0,0,16,1,0,1,1,0,0
8,2,1,11,1,0.0,0.0,2,0,2,0,0,0,2,0,0,0,0,0,0,0,0,0,0,0,3,58,0,0,0,0,1,48,0,7,0,5,0,0,1,0,24,1,0,1,0,0,1
11,2,1,34,1,0.0,0.0,2,0,2,0,0,0,2,0,0,0,0,0,0,0,0,0,0,0,3,66,4,0,0,0,0,3,25,14,0,18,1,0,0,7,40,1,0,1,1,0,1
33,124,2,214,0,0.0,0.0,63,1,37,18,7,1,45,0,1,0,7,2,0,1,6,0,2,0,57,798,17,33,7,9,6,158,161,168,22,162,3,5,1,13,420,1,0,1,1,1,1
3,1,1,18,0,,,1,0,1,0,0,0,1,0,0,0,0,0,0,0,0,0,0,0,0,34,3,0,0,0,0,1,15,3,0,6,1,0,0,3,21,1,0,1,1,0,1
23,16,1,48,36,0.0,0.0,9,0,6,3,0,0,6,0,0,0,0,0,0,0,0,0,0,0,7,130,3,1,0,1,0,37,5,28,1,26,2,1,1,3,113,1,0,1,1,1,0
2,1,1,2,0,,,1,0,1,0,0,0,1,0,0,0,0,0,0,0,0,0,0,0,0,9,0,0,0,0,0,1,0,3,0,3,0,0,0,0,12,1,0,1,1,0,0
11,7,1,26,21,0.0,0.0,7,0,7,0,0,0,7,0,0,0,0,0,0,0,0,0,0,0,9,91,0,0,0,0,0,23,1,29,0,26,0,0,1,0,59,1,0,1,1,0,1
2,3,1,3,0,,,1,0,1,0,0,0,1,0,0,0,0,0,0,0,0,0,0,0,8,22,0,0,0,2,0,33,2,0,0,0,1,0,0,0,27,1,0,1,0,0,0
4,6,1,11,10,0.0,0.0,5,0,4,1,0,0,4,0,0,0,0,0,0,0,0,0,0,0,31,70,0,0,0,1,0,65,0,19,0,9,1,0,0,0,39,1,0,1,1,0,0
3,3,1,7,0,0.0,0.0,3,0,3,0,0,0,3,0,0,0,1,0,0,0,0,1,0,0,0,18,0,0,0,0,0,10,0,3,0,3,0,0,0,1,23,1,0,1,1,0,0
12,35,1,45,68,0.0,0.0,17,0,9,8,0,0,9,0,0,0,5,4,0,5,0,0,4,0,37,200,6,12,5,1,0,75,6,70,3,34,4,0,0,0,81,1,1,1,1,1,1
13,8,1,14,0,0.0,0.0,5,0,4,1,0,0,4,0,0,0,5,2,0,5,0,0,2,0,2,33,1,0,1,0,0,9,4,12,1,12,0,0,0,1,50,1,0,0,0,0,0
8,10,1,23,0,0.0,0.0,7,0,7,0,0,0,7,0,0,0,1,0,0,1,0,0,0,0,8,45,0,0,0,0,0,19,9,11,1,11,0,0,0,3,45,1,0,1,1,0,0
8,3,1,24,1,0.0,0.0,2,0,2,0,0,0,2,0,0,0,0,0,0,0,0,0,0,0,9,45,0,1,0,0,0,26,4,24,0,24,1,0,0,0,90,1,0,1,1,1,1
10,6,1,16,0,0.0,0.0,6,0,5,1,0,0,5,0,0,0,5,4,0,5,0,0,4,0,1,53,1,0,0,0,0,46,2,22,2,15,0,0,0,9,53,1,0,1,0,0,1
22,7,1,43,15,0.0,0.0,6,0,4,2,0,0,4,0,0,0,0,0,0,0,0,0,0,0,14,76,6,0,0,1,0,7,14,20,3,25,1,0,0,6,68,1,0,1,0,0,1
12,7,1,17,4,0.0,0.0,5,0,4,1,0,0,4,0,0,0,2,0,0,2,0,0,0,0,22,57,0,2,0,0,0,25,9,18,3,18,1,0,0,0,42,1,0,1,0,0,1
9,37,1,52,372,0.0,0.0,28,0,19,9,0,0,19,0,0,0,1,0,0,1,0,0,0,0,19,185,3,6,1,2,0,64,13,41,10,41,1,0,0,1,108,1,0,1,1,1,1
3,10,1,13,45,0.0,0.0,10,0,10,0,0,0,10,0,0,0,0,0,0,0,0,0,0,0,1,63,0,0,0,0,0,34,0,19,2,19,0,0,0,1,43,1,0,1,1,0,0
15,20,1,24,0,0.0,0.0,12,0,9,3,0,0,12,0,0,0,6,5,0,6,0,0,5,0,5,121,3,0,4,0,1,33,4,25,4,23,0,2,0,2,117,1,0,1,1,0,0
9,55,1,39,65,0.0,0.0,14,9,5,9,0,0,5,0,0,0,3,3,0,3,0,0,3,0,60,156,6,15,6,0,4,70,25,46,18,46,7,0,0,0,95,1,0,1,0,1,1
4,19,1,41,43,0.0,0.0,10,6,4,6,0,0,4,0,0,0,2,2,0,2,0,0,2,0,17,106,4,2,5,0,0,58,19,37,12,37,3,0,0,2,73,1,0,1,1,0,0
10,22,1,29,56,0.0,0.0,13,8,5,8,0,0,8,0,0,0,15,15,0,15,0,0,15,0,33,110,7,2,1,1,4,45,8,32,13,32,1,0,0,0,101,1,0,1,0,1,0
3,7,1,9,1,0.0,0.0,2,0,2,0,0,0,2,0,0,0,0,0,0,0,0,0,0,0,3,26,0,2,2,1,0,13,5,1,1,1,2,0,0,0,18,1,0,1,0,1,0
10,11,1,39,21,0.0,0.0,7,2,5,2,0,0,5,0,0,0,0,0,0,0,0,0,0,0,21,94,1,1,3,0,0,61,10,34,11,34,2,0,0,2,66,1,0,1,0,1,1
3,1,1,12,0,,,1,0,1,0,0,0,1,0,0,0,0,0,0,0,0,0,0,0,9,10,0,0,0,0,0,0,0,1,0,1,0,0,0,0,12,1,0,1,1,0,0
3,2,1,10,0,0.0,0.0,2,0,2,0,0,0,2,0,0,0,1,1,0,1,0,0,1,0,0,39,0,0,0,0,0,3,0,6,0,6,0,1,0,0,25,1,1,1,1,0,0
3,2,1,9,1,0.0,0.0,2,0,2,0,0,0,2,0,0,0,1,1,0,1,0,0,1,0,0,39,0,0,0,0,0,3,0,6,0,6,0,1,0,0,21,1,1,1,1,0,0
5,4,1,14,0,0.0,0.0,4,0,4,0,0,0,4,0,0,0,1,1,0,1,0,0,1,0,0,43,0,0,0,0,0,27,0,9,0,9,0,0,0,1,51,1,2,1,1,0,0
19,38,1,56,219,0.0,0.0,27,0,23,4,0,0,23,0,0,0,1,0,0,1,0,0,1,0,40,298,2,1,1,5,8,83,8,98,8,80,1,0,0,3,119,1025,0,1,1,1,1
3,9,1,11,28,0.0,0.0,8,0,5,3,0,0,5,0,0,0,0,0,0,0,0,0,0,0,7,72,0,0,0,1,0,73,0,5,0,5,1,0,0,0,34,1,0,1,1,0,0
7,16,1,26,27,0.0,0.0,14,0,11,3,0,0,11,0,0,0,8,6,0,7,0,1,6,0,11,100,2,1,1,0,0,180,0,20,7,19,1,0,0,1,421,1,0,1,1,0,0
13,10,1,19,0,0.0,0.0,8,1,6,0,0,2,8,0,0,0,2,0,0,2,0,0,2,0,1,47,0,0,0,0,0,35,0,2,1,2,1,0,0,0,36,1,0,1,0,1,0
15,9,1,55,28,0.0,0.0,8,0,8,0,0,0,8,0,0,0,0,0,0,0,0,0,0,0,8,236,0,0,0,1,0,81,67,34,0,34,1,7,0,0,68,1,0,1,1,0,1
8,8,1,22,0,0.0,0.0,8,0,8,0,0,0,8,0,0,0,5,0,0,5,0,0,5,0,2,78,0,0,0,0,0,26,9,29,1,29,0,0,0,1,58,1,0,1,1,0,1
17,17,2,38,0,0.0,0.0,16,0,15,1,0,0,15,0,0,0,5,1,0,5,0,0,5,0,27,195,1,1,0,1,0,8,72,56,2,56,1,0,1,0,97,1,0,1,0,0,0
48,68,1,142,0,0.0,0.0,65,3,62,3,0,0,62,0,0,0,6,4,0,6,0,0,6,0,177,527,0,2,0,8,0,280,49,134,42,165,1,1,0,22,191,1,0,1,1,0,1
6,1,2,4,0,,,1,0,1,0,0,0,1,0,0,0,0,0,0,0,0,0,0,0,2,25,0,0,0,0,0,1,3,4,0,4,0,0,1,0,14,1,0,1,0,0,0
17,18,1,32,0,0.0,0.0,13,1,13,0,0,0,13,0,0,0,6,2,1,5,0,0,5,0,25,159,1,0,5,0,0,36,0,44,5,45,1,0,0,0,121,1,0,1,0,1,1
15,21,1,38,0,0.0,0.0,19,1,12,7,0,0,12,0,0,0,9,3,1,8,0,0,8,0,20,140,1,0,2,0,0,43,0,44,2,45,1,0,0,9,111,1,0,0,0,1,0
13,17,1,35,0,0.0,0.0,17,1,17,0,0,0,17,0,0,0,9,4,2,7,0,0,7,0,35,210,1,0,0,0,0,57,1,76,6,78,0,0,0,0,118,1,0,1,0,0,1
22,83,1,130,0,0.0,0.0,76,1,60,16,0,0,60,0,0,0,42,32,0,42,0,0,42,0,51,712,6,3,1,0,4,110,70,251,60,255,1,1,0,10,235,1,0,1,1,1,1
11,11,1,31,0,0.0,0.0,11,0,11,0,0,0,11,0,0,0,5,0,0,5,0,0,5,0,7,91,0,0,0,0,0,6,3,9,0,9,0,0,0,3,73,1,0,1,0,0,0
18,7,1,28,10,0.0,0.0,5,0,4,1,0,0,4,0,0,0,0,0,0,0,0,0,0,0,14,58,0,0,0,0,0,30,0,18,5,18,1,0,1,0,63,1,0,1,0,0,0
30,26,1,65,0,0.0,0.0,26,0,22,4,0,0,22,0,0,0,8,0,0,7,0,1,4,0,21,212,0,0,0,0,0,61,56,36,0,41,1,0,0,8,128,1,0,1,0,0,0
11,12,1,34,0,0.0,0.0,12,0,10,2,0,0,10,0,0,0,3,0,0,3,0,0,3,0,30,76,2,0,0,0,0,36,30,21,2,21,0,0,0,4,82,1,0,1,0,0,0
29,71,1,81,1205,0.0,0.0,71,0,67,4,0,0,67,0,0,0,21,0,0,17,0,4,15,0,25,473,0,0,0,0,0,120,51,89,7,72,0,4,0,24,170,1,0,1,1,0,0
37,92,1,117,0,0.0,0.0,82,0,81,1,0,0,81,0,0,0,3,0,0,3,0,0,3,0,112,678,1,1,0,9,1,519,48,118,2,102,1,0,0,36,207,1,0,1,1,0,1
43,74,5,133,0,0.0,0.0,72,0,59,13,0,0,59,0,0,0,13,0,0,13,0,0,10,0,254,853,8,0,0,3,0,108,162,288,35,295,1,6,4,64,235,1,0,1,1,0,1
51,54,2,111,100,0.0,0.0,53,0,34,19,0,0,34,0,0,0,13,9,0,13,0,0,12,0,83,568,16,0,1,0,0,432,57,131,2,120,1,2,8,11,175,1,0,1,1,0,0
46,43,2,71,0,0.0,0.0,41,0,35,6,0,0,35,0,0,0,15,0,0,15,0,0,12,0,24,379,2,2,0,1,0,206,71,80,19,82,2,5,1,12,232,1,0,1,0,1,1
20,28,1,33,0,0.0,0.0,18,0,18,0,0,0,18,0,0,0,10,7,0,10,0,0,7,0,2,154,0,0,0,10,0,20,2,23,0,23,1,0,0,3,102,1,0,1,0,0,0
11,1,3,18,0,,,1,0,1,0,0,0,1,0,0,0,2,0,0,2,0,0,2,0,1,41,0,0,0,0,0,8,7,4,0,4,0,0,1,0,25,1,0,1,1,0,0
8,69,1,53,0,0.0,0.0,43,2,34,9,0,0,34,0,0,0,2,0,0,2,0,0,2,0,69,493,8,17,4,0,2,3,213,88,0,87,3,0,0,0,162,1,0,1,1,1,1
3,1,1,4,0,,,1,0,1,0,0,0,1,0,0,0,0,0,0,0,0,0,0,0,0,6,0,0,0,0,0,1,4,1,0,1,0,0,0,1,16,1,0,1,0,0,0
6,14,1,15,0,0.0,0.0,14,0,14,0,0,0,14,0,0,0,4,0,0,4,0,0,4,0,32,71,0,0,0,0,0,18,63,26,1,26,0,0,0,2,64,1,0,1,1,0,0
9,40,1,44,477,0.0,0.0,34,3,31,3,0,0,31,0,0,0,2,0,0,2,0,0,2,0,343,443,1,3,1,0,0,2,197,215,13,253,2,0,0,38,173,1,0,1,0,1,0
7,8,1,19,15,0.0,0.0,6,1,5,1,0,0,5,0,0,0,0,0,0,0,0,0,0,0,106,76,1,1,0,1,0,21,8,29,0,29,1,0,0,0,80,1,0,1,0,1,1
6,26,1,31,0,0.0,0.0,22,1,21,1,0,0,21,0,0,0,6,6,0,6,0,0,6,0,33,178,1,3,0,1,0,29,50,49,10,49,1,0,0,2,96,1,0,1,1,1,0
7,3,1,13,1,,,3,0,1,2,0,0,1,0,0,0,1,0,0,1,0,0,1,0,4,22,2,0,0,0,0,0,6,6,0,6,0,0,0,0,38,1,0,1,1,0,0
5,48,1,74,60,0.0,0.0,45,0,45,0,0,0,45,0,0,0,2,0,0,2,0,0,2,0,100,287,0,3,0,0,0,39,84,44,0,44,1,0,0,17,128,1,0,1,1,1,1
3,8,1,10,0,0.0,0.0,6,0,6,0,0,0,6,0,0,0,3,1,0,3,0,0,3,0,6,45,0,0,2,0,2,0,10,9,0,23,0,0,0,11,46,1,0,1,1,1,0
36,57,2,101,70,0.0,0.0,48,0,45,3,0,0,45,0,0,0,30,0,0,30,0,0,23,0,86,634,3,1,0,23,0,36,58,130,6,135,3,9,1,10,239,1,0,1,1,1,1
5,10,1,10,45,0.0,0.0,10,0,10,0,0,0,10,0,0,0,0,0,0,0,0,0,0,0,11,58,0,0,0,0,0,31,8,16,0,16,0,0,0,3,36,1,0,1,0,0,0
4,5,1,4,0,0.0,0.0,5,0,5,0,0,0,5,0,0,0,1,1,0,1,0,0,1,0,0,28,0,0,0,0,0,4,20,9,3,9,0,0,0,0,31,1,0,1,1,0,0
10,14,1,15,0,0.0,0.0,14,0,14,0,0,0,14,0,0,0,3,0,0,3,0,0,0,0,2,47,0,0,0,0,0,6,1,1,0,3,0,0,0,0,32,1,0,0,0,0,0
21,26,1,69,0,0.0,0.0,24,0,24,0,0,0,24,0,0,0,17,0,0,17,0,0,1,0,72,193,0,1,0,1,0,106,34,53,7,65,1,0,0,10,122,1,0,1,1,1,0
29,21,1,44,0,0.0,0.0,13,0,11,2,0,0,11,0,0,0,10,2,0,10,0,0,7,0,14,145,0,0,5,3,0,27,23,15,7,16,1,4,0,8,104,1,0,1,1,0,1
9,3,2,5,0,0.0,0.0,3,0,3,0,0,0,3,0,0,0,3,0,0,3,0,0,3,0,0,90,0,0,0,0,0,0,44,13,19,13,0,4,1,0,26,1,0,1,1,0,1
28,27,1,65,37,0.0,0.0,27,1,17,10,0,0,17,0,0,0,18,0,0,18,0,0,18,0,75,353,9,0,0,7,0,88,217,81,5,83,1,0,0,18,198,1,0,1,1,0,1
8,3,1,3,0,0.0,0.0,3,0,3,0,0,0,3,0,0,0,2,0,0,2,0,0,0,0,0,13,0,0,0,0,0,4,0,1,0,2,0,0,0,2,17,1,0,0,0,0,0
29,12,1,31,0,0.0,0.0,12,0,12,0,0,0,12,0,0,0,9,0,0,8,0,1,9,0,44,170,0,0,0,0,0,43,203,32,1,32,0,0,1,3,117,1,0,1,1,0,1
10,5,1,26,0,0.0,0.0,5,0,5,0,0,0,5,0,0,0,15,14,0,14,0,1,15,0,88,106,0,0,0,0,0,11,31,46,0,46,0,0,0,0,80,1,0,1,1,0,1
18,16,1,49,8,0.0,0.0,13,0,7,6,0,0,7,0,0,0,22,18,0,18,0,4,22,0,110,175,1,0,0,0,0,27,49,49,1,49,0,0,0,0,113,1,0,1,1,0,1
74,96,2,257,868,0.0,0.0,80,10,61,19,0,0,61,0,0,0,34,7,0,34,0,0,30,0,474,1056,15,10,3,1,0,513,239,291,39,292,4,2,1,28,395,1,0,1,1,1,1
22,12,1,35,0,0.0,0.0,12,0,12,0,0,0,12,0,0,0,7,0,0,7,0,0,1,0,13,156,0,0,0,0,0,27,2,16,0,16,0,0,0,5,89,1,0,1,0,0,1
37,40,1,122,147,0.0,0.0,38,0,27,11,0,0,27,0,0,0,27,10,0,27,0,0,14,0,17,480,21,1,0,1,1,100,104,66,1,51,1,1,0,53,144,1,0,1,1,0,0
31,56,2,73,0,0.0,0.0,49,1,44,4,0,1,45,0,0,0,19,0,0,19,0,0,11,0,113,663,3,2,0,7,0,80,149,132,6,90,2,21,2,12,247,1,0,1,1,0,1
22,13,2,28,21,0.0,0.0,7,0,6,1,0,0,6,0,0,0,0,0,0,0,0,0,0,0,22,112,1,4,0,0,0,48,1,22,16,23,2,0,3,5,74,1,0,1,1,1,1
51,111,2,209,0,0.0,0.0,103,5,88,15,0,0,88,0,0,0,39,0,1,38,0,0,31,0,504,2226,4,7,0,1,1,99,174,333,4,349,1,42,1,33,390,1,0,1,0,0,1
41,32,1,99,0,0.0,0.0,29,0,24,5,0,0,24,0,0,0,19,0,0,19,0,0,14,0,73,341,4,0,1,1,0,22,45,64,0,40,3,0,0,8,156,1,0,1,1,0,0
13,20,2,25,0,0.0,0.0,18,0,18,0,0,0,18,0,0,0,5,0,0,5,0,0,5,0,1,125,0,0,0,2,0,7,7,5,0,5,1,0,1,1,68,1,0,1,1,0,0
13,5,1,18,0,0.0,0.0,3,0,3,0,0,0,3,0,0,0,1,0,0,1,0,0,0,0,4,32,0,0,0,2,1,5,2,3,0,3,1,0,0,0,42,1,0,1,0,0,0
14,3,1,8,0,0.0,0.0,2,0,2,0,0,0,2,0,0,0,6,0,0,6,0,0,6,0,2,20,0,0,0,1,0,7,2,6,0,6,1,0,0,0,33,1,0,0,0,0,0
4,6,1,8,3,0.0,0.0,3,0,2,1,0,0,2,0,0,0,0,0,0,0,0,0,0,0,0,49,1,3,0,0,0,0,57,5,0,5,1,0,0,0,19,1,0,1,1,1,1
36,47,2,98,0,0.0,0.0,28,1,25,3,0,0,25,0,0,0,23,0,2,21,0,0,14,0,90,760,1,1,18,1,0,78,250,81,7,87,1,12,0,9,193,1,0,1,1,1,1
70,123,1,249,0,0.0,0.0,109,5,84,25,0,0,84,0,0,0,35,3,0,35,0,0,27,0,353,1517,20,0,1,5,0,214,374,211,19,177,3,7,0,71,406,1,0,1,1,1,1
9,7,1,22,15,0.0,0.0,6,0,5,1,0,0,5,0,0,0,0,0,0,0,0,0,0,0,8,63,0,1,0,0,0,6,25,25,0,27,1,1,0,3,40,1,0,1,0,0,1
17,42,1,88,0,0.0,0.0,38,0,36,2,0,0,36,0,0,0,5,0,0,5,0,0,2,0,68,413,0,0,0,11,0,36,79,87,6,81,2,3,2,4,238,1,0,1,1,0,1
22,5,1,23,0,0.0,0.0,5,0,5,0,0,0,5,0,0,0,2,0,0,2,0,0,1,0,5,54,0,0,0,0,4,8,0,28,0,29,0,0,0,0,46,1,0,1,0,0,0
3,2,1,9,1,0.0,0.0,2,0,2,0,0,0,2,0,0,0,0,0,0,0,0,0,0,0,4,14,0,0,0,0,0,4,5,5,1,5,0,0,0,1,34,1,0,1,1,0,0
8,3,1,12,0,0.0,0.0,3,0,3,0,0,0,3,0,0,0,2,0,0,2,0,0,2,0,22,36,0,0,0,0,0,23,36,13,0,13,0,0,0,1,38,1,0,1,0,0,0
5,4,2,5,3,0.0,0.0,3,0,3,0,0,0,3,0,0,0,0,0,0,0,0,0,0,0,0,21,0,0,0,1,0,3,6,5,0,5,1,0,0,0,27,1,0,1,0,0,0
6,2,2,5,1,0.0,0.0,2,0,2,0,0,0,2,0,0,0,0,0,0,0,0,0,0,0,1,11,0,0,0,0,0,1,6,3,0,3,0,0,0,0,20,1,0,1,0,0,0
6,2,2,3,1,0.0,0.0,2,0,2,0,0,0,2,0,0,0,0,0,0,0,0,0,0,0,0,9,0,0,0,0,0,1,3,1,0,1,0,0,0,1,14,1,0,0,0,0,0
2,6,1,10,0,,,1,0,1,0,0,0,1,0,0,0,0,0,0,0,0,0,0,0,11,35,0,0,5,0,0,18,5,9,4,9,0,0,0,0,37,1,0,1,1,0,1
12,10,1,26,0,0.0,0.0,10,0,8,2,0,0,8,0,0,0,5,2,0,5,0,0,5,0,9,67,0,0,0,0,0,20,1,24,0,28,0,0,0,8,85,1,0,1,0,0,0
2,11,1,12,21,0.0,0.0,7,0,7,0,0,0,7,0,0,0,2,2,0,2,0,0,2,0,14,58,0,0,0,4,0,14,2,10,0,10,1,0,0,0,71,1,0,1,1,0,0
21,121,1,65,0,0.0,0.0,116,0,107,9,0,0,107,0,0,0,5,0,0,5,0,0,4,0,51,718,0,0,0,8,1,180,58,140,12,138,1,0,2,12,292,1,0,1,1,0,0
11,11,1,24,25,0.0,0.0,11,0,11,0,0,0,11,0,0,0,3,0,0,3,0,0,2,0,7,58,0,0,0,1,0,16,8,12,0,14,1,0,0,6,55,1,0,1,0,0,0
4,17,1,15,58,0.0,0.0,13,0,13,0,0,0,13,0,0,0,1,1,0,1,0,0,1,0,117,88,0,0,0,4,0,4,93,11,3,11,1,0,0,2,79,1,0,1,1,0,0
3,7,1,11,19,0.0,0.0,7,0,7,0,0,0,7,0,0,0,1,1,0,1,0,0,1,0,35,32,0,0,0,0,16,0,31,9,24,9,0,0,0,2,50,1,0,1,1,0,0
3,4,1,5,1,0.0,0.0,2,0,2,0,0,0,2,0,0,0,0,0,0,0,0,0,0,0,2,18,0,1,0,1,0,7,1,2,1,2,2,0,0,1,27,1,0,0,0,1,0
7,3,1,14,3,0.0,0.0,3,0,3,0,0,0,3,0,0,0,0,0,0,0,0,0,0,0,47,23,0,0,0,0,0,17,34,0,0,0,0,0,0,0,44,1,0,1,0,0,1
8,5,1,18,10,0.0,0.0,5,0,5,0,0,0,5,0,0,0,0,0,0,0,0,0,0,0,13,34,0,0,0,0,0,15,2,14,1,14,0,0,0,13,28,1,0,1,0,0,0
11,5,1,12,10,0.0,0.0,5,0,5,0,0,0,5,0,0,0,0,0,0,0,0,0,0,0,5,39,0,0,0,0,0,12,13,18,0,18,0,0,0,4,29,1,0,1,1,0,0
26,14,1,37,0,0.0,0.0,13,0,12,1,0,0,12,0,0,0,9,3,0,9,0,0,5,0,37,126,0,1,0,2,0,112,52,29,1,28,2,0,0,8,88,1,0,1,0,1,1
67,227,1,210,0,0.0,0.0,221,1,220,1,0,0,220,0,0,0,14,0,0,14,0,0,10,0,244,1390,1,2,2,16,62,851,205,425,27,498,2,6,0,249,262,1,0,1,1,1,1
10,8,2,20,0,0.0,0.0,7,0,7,0,0,0,7,0,0,0,5,0,0,5,0,0,0,0,5,63,0,1,0,0,0,0,8,9,0,9,1,0,0,0,47,1,0,1,1,1,0
8,4,1,11,0,0.0,0.0,2,0,2,0,0,0,2,0,0,0,2,0,0,2,0,0,0,0,2,25,0,2,0,0,0,11,6,9,0,11,1,0,0,1,33,1,0,1,1,1,0
26,23,1,53,85,0.0,0.0,18,0,13,5,0,0,13,0,0,0,13,1,0,13,0,0,8,0,44,150,0,3,0,2,0,130,55,42,10,52,2,0,0,6,127,1,0,1,0,0,0
10,8,2,20,0,0.0,0.0,7,0,7,0,0,0,7,0,0,0,5,0,0,5,0,0,0,0,2,63,0,1,0,0,0,3,2,9,0,9,1,0,0,0,48,1,0,1,1,1,0
49,32,1,80,71,0.0,0.0,26,5,21,5,0,0,21,0,0,0,15,5,0,15,0,0,5,0,38,293,5,1,2,2,0,101,36,46,1,49,2,0,7,0,140,1,0,1,1,0,1
10,7,2,23,0,0.0,0.0,7,0,7,0,0,0,7,0,0,0,6,0,0,4,0,2,2,0,1,84,0,0,0,0,0,3,2,24,0,24,0,0,0,0,51,1,0,1,0,0,0
3,7,1,5,0,0.0,0.0,7,0,7,0,0,0,7,0,0,0,4,0,0,4,0,0,2,0,0,57,0,0,0,0,0,0,52,4,24,4,0,0,0,1,30,1,0,1,1,0,0
32,30,1,56,7,0.0,0.0,11,0,7,4,0,0,7,0,0,0,7,1,0,7,0,0,7,0,39,244,0,18,0,4,10,95,212,58,27,58,2,0,0,0,96,1,0,1,0,1,1
15,3,1,15,0,0.0,0.0,3,0,2,1,0,0,2,0,0,0,3,2,0,3,0,0,3,0,3,24,0,0,0,0,0,3,0,7,0,7,0,0,0,0,38,1,0,0,0,0,0
13,9,1,14,21,0.0,0.0,7,0,7,0,0,0,7,0,0,0,0,0,0,0,0,0,0,0,25,80,0,0,0,2,0,31,13,22,3,22,1,2,0,2,67,1,0,1,0,0,1
29,20,1,70,0,0.0,0.0,20,0,19,1,0,0,19,0,0,0,4,1,0,4,0,0,3,0,152,163,0,0,0,7,0,169,230,34,0,34,2,0,0,11,79,1,0,1,0,0,1
3,2,1,4,0,0.0,0.0,2,0,2,0,0,0,2,0,0,0,3,0,0,3,0,0,2,0,0,13,0,0,0,0,0,0,3,3,2,3,0,0,0,1,18,1,0,1,1,0,0
25,5,1,18,1,0.0,0.0,3,0,3,0,0,0,3,0,0,0,4,0,0,4,0,0,3,0,9,67,0,2,0,2,0,2,36,20,4,21,2,2,0,2,46,1,0,1,1,1,1
14,4,1,20,3,0.0,0.0,3,0,2,1,0,0,2,0,0,0,1,0,0,1,0,0,1,0,11,24,0,0,0,1,0,9,4,5,0,5,1,0,0,0,51,1,0,0,0,0,0
21,19,1,27,2,0.0,0.0,12,0,9,3,0,0,9,0,0,0,7,1,0,7,0,0,4,0,12,108,1,3,1,0,0,39,62,26,5,26,2,0,0,1,80,1,0,0,0,0,1
13,3,1,13,0,,,1,0,1,0,0,0,1,0,0,0,5,0,0,5,0,0,0,0,11,27,0,2,0,0,0,3,24,19,2,19,2,0,0,0,40,1,0,1,0,1,0
27,18,1,63,0,0.0,0.0,18,0,17,1,0,0,17,0,0,0,4,1,0,4,0,0,3,0,83,126,0,0,0,6,0,83,99,27,0,27,2,0,0,10,61,1,0,1,0,0,1
34,29,1,68,8,0.0,0.0,8,0,6,2,0,0,6,0,0,0,5,0,0,5,0,0,5,0,60,255,0,20,0,5,12,164,254,74,27,75,3,0,0,1,146,1,0,1,0,1,1
6,11,1,14,0,0.0,0.0,6,1,5,1,0,0,5,0,0,0,1,0,0,1,0,0,1,0,15,50,2,0,5,0,0,8,5,14,3,14,1,0,0,0,53,1,0,1,1,0,0
15,4,1,17,0,0.0,0.0,2,0,2,0,0,0,2,0,0,0,2,0,0,2,0,0,2,0,11,48,2,2,0,2,0,21,44,20,4,23,2,0,0,2,37,1,0,1,0,1,1
35,14,1,61,46,0.0,0.0,12,0,8,4,0,0,8,0,0,0,2,0,0,2,0,0,2,0,107,184,0,0,0,5,0,356,308,45,5,47,2,0,0,5,123,1,0,1,0,0,1
16,4,1,21,0,,,1,0,1,0,0,0,1,0,0,0,1,0,0,1,0,0,1,0,9,32,1,3,0,1,0,14,15,13,3,15,2,0,0,1,31,1,0,1,0,1,1
4,9,1,13,0,0.0,0.0,9,0,9,0,0,0,9,0,0,0,4,0,0,4,0,0,2,0,3,61,0,0,0,0,0,0,55,7,18,7,0,0,0,2,50,1,0,1,1,0,0
11,3,1,15,3,,,3,0,1,2,0,0,1,0,0,0,0,0,0,0,0,0,0,0,11,34,2,0,0,0,0,16,6,5,0,5,0,0,0,0,33,1,0,1,1,0,0
31,24,1,72,0,0.0,0.0,18,0,13,5,0,0,13,0,0,0,3,0,0,3,0,0,3,0,38,248,0,0,1,5,1,140,170,83,1,91,1,0,0,4,87,1,0,1,0,0,0
11,6,1,14,10,0.0,0.0,5,0,3,2,0,0,3,0,0,0,0,0,0,0,0,0,0,0,2,41,0,0,0,0,0,11,10,6,0,6,1,0,0,0,39,1,0,0,0,0,0
44,38,1,90,0,0.0,0.0,31,0,30,1,0,0,30,0,0,0,6,0,0,6,0,0,5,0,48,259,1,2,4,5,46,128,96,63,6,102,3,1,0,43,142,1,0,1,1,0,1
13,3,1,14,0,0.0,0.0,3,0,3,0,0,0,3,0,0,0,3,0,0,3,0,0,1,0,3,25,0,0,0,0,0,4,0,7,1,9,0,0,0,0,31,1,0,1,0,0,0
7,2,1,14,1,0.0,0.0,2,0,2,0,0,0,2,0,0,0,0,0,0,0,0,0,0,0,5,24,0,0,0,0,0,10,7,2,0,2,0,0,0,0,29,1,0,0,0,0,0
29,84,1,91,24,0.0,0.0,24,0,20,4,0,0,20,0,0,0,10,1,0,10,0,0,10,0,182,548,1,59,0,7,0,371,432,192,80,168,2,0,0,10,199,1,0,1,0,1,1
29,22,1,53,0,0.0,0.0,22,0,20,2,0,0,20,0,0,0,5,1,0,5,0,0,4,0,42,125,0,0,0,6,0,61,61,25,1,28,1,0,0,13,67,1,0,1,0,0,0
29,9,1,46,0,0.0,0.0,9,0,6,3,0,0,6,0,0,0,2,0,0,2,0,0,2,0,48,156,0,0,0,4,1,102,116,51,3,59,1,0,0,8,63,1,0,1,0,0,1
32,36,1,59,0,0.0,0.0,36,0,34,2,0,0,34,0,0,0,11,7,0,11,0,0,9,0,33,480,0,0,0,9,0,752,179,186,14,217,1,0,0,29,154,1,0,1,1,0,1
26,16,1,35,0,0.0,0.0,16,0,15,1,0,0,15,0,0,0,10,4,0,10,0,0,6,0,46,171,0,0,0,5,0,164,76,40,1,39,1,0,0,8,96,1,0,1,0,0,1
40,61,1,111,0,0.0,0.0,59,0,51,8,0,0,51,0,0,0,5,2,0,5,0,0,4,0,87,364,0,0,0,11,0,236,318,55,8,83,2,0,0,45,130,1,0,1,1,0,0
14,9,1,17,1,0.0,0.0,2,0,2,0,0,0,2,0,0,0,2,0,0,2,0,0,2,0,6,35,0,2,3,1,3,7,22,15,4,25,2,0,0,5,41,1,0,1,0,1,1
14,6,1,17,1,0.0,0.0,3,0,3,0,0,0,3,0,0,0,3,0,0,3,0,0,3,0,9,39,0,2,1,2,1,5,18,16,3,20,2,0,0,2,38,1,0,1,0,1,0
15,4,1,17,0,0.0,0.0,2,0,2,0,0,0,2,0,0,0,3,0,0,3,0,0,3,0,11,34,0,2,0,2,0,1,34,16,3,18,2,0,0,1,36,1,0,1,0,1,0
24,8,1,37,0,0.0,0.0,6,1,5,1,0,0,5,0,0,0,5,1,0,5,0,0,5,0,34,93,3,0,0,4,0,118,72,29,1,39,2,0,0,5,56,1,0,1,0,1,1
10,6,1,16,10,0.0,0.0,5,0,3,2,0,0,3,0,0,0,0,0,0,0,0,0,0,0,2,47,0,0,0,0,0,22,4,8,0,8,1,0,0,0,38,1,0,0,0,0,0
47,34,3,80,0,0.0,0.0,13,1,11,2,0,0,11,0,0,0,3,0,1,2,0,0,2,0,246,398,2,6,5,11,0,515,595,117,4,121,3,0,2,7,154,1,0,1,0,1,1
15,4,1,21,1,0.0,0.0,2,0,2,0,0,0,2,0,0,0,1,0,0,1,0,0,1,0,9,25,0,2,0,1,0,9,16,10,3,14,2,0,0,2,33,1,0,1,0,1,0
28,26,1,52,9,0.0,0.0,7,0,5,2,0,0,5,0,0,0,5,0,0,5,0,0,5,0,36,219,0,18,0,4,9,132,251,47,27,47,2,0,0,0,87,1,0,1,0,1,1
35,10,1,54,0,0.0,0.0,9,0,8,1,0,0,8,0,0,0,2,0,0,2,0,0,2,0,41,151,0,0,0,7,0,144,96,48,0,48,2,0,0,0,90,1,0,1,1,0,1
27,24,1,64,0,0.0,0.0,24,0,21,3,0,0,21,0,0,0,5,1,0,5,0,0,4,0,59,151,1,0,0,5,0,67,39,28,0,34,3,0,0,18,78,1,0,1,0,0,1
15,5,1,15,1,0.0,0.0,3,1,2,1,0,0,2,0,0,0,2,0,0,2,0,0,2,0,11,34,1,1,0,2,0,3,2,13,1,15,2,0,0,1,42,1,0,1,0,1,0
24,25,1,61,0,0.0,0.0,23,0,22,1,0,0,22,0,0,0,5,1,0,5,0,0,5,0,47,211,0,2,0,0,0,85,6,69,1,76,2,0,0,4,128,1,0,1,1,1,1
8,1,1,13,0,,,1,0,1,0,0,0,1,0,0,0,0,0,0,0,0,0,0,0,1,13,0,0,0,0,0,6,6,1,0,1,0,0,0,0,27,1,0,0,0,0,0
17,5,2,22,3,0.0,0.0,3,0,3,0,0,0,3,0,0,0,0,0,0,0,0,0,0,0,4,62,0,1,0,0,0,2,7,10,1,10,1,0,2,0,42,1,0,1,0,1,0
26,18,1,34,0,0.0,0.0,18,0,17,1,0,0,17,0,0,0,10,3,0,10,0,0,6,0,45,182,0,0,0,5,0,164,81,40,2,42,1,0,0,11,94,1,0,1,0,0,1
8,3,1,7,0,0.0,0.0,3,0,3,0,0,0,3,0,0,0,2,0,0,2,0,0,2,0,0,20,0,0,0,0,0,4,0,4,0,4,0,0,0,0,27,1,0,0,0,0,0
8,3,1,7,0,0.0,0.0,3,0,3,0,0,0,3,0,0,0,2,0,0,2,0,0,2,0,0,20,0,0,0,0,0,4,0,4,0,4,0,0,0,0,27,1,0,0,0,0,0
8,3,1,7,0,0.0,0.0,3,0,3,0,0,0,3,0,0,0,2,0,0,2,0,0,2,0,0,20,0,0,0,0,0,4,0,4,0,4,0,0,0,0,27,1,0,0,0,0,0
3,11,1,14,16,0.0,0.0,8,0,8,0,0,0,8,0,0,0,2,2,0,2,0,0,2,0,152,62,0,0,0,3,0,3,91,6,2,6,1,0,0,1,73,1,0,1,1,0,0
3,8,1,12,21,0.0,0.0,7,0,7,0,0,0,7,0,0,0,0,0,0,0,0,0,0,0,74,38,0,0,0,1,0,1,45,2,0,2,1,0,0,2,49,1,0,1,1,0,0
6,8,1,9,21,0.0,0.0,7,0,7,0,0,0,7,0,0,0,0,0,0,0,0,0,0,0,3,38,0,1,0,0,0,14,4,11,3,11,1,0,0,6,55,1,0,1,1,1,0
15,14,1,27,89,0.0,0.0,14,0,14,0,0,0,14,0,0,0,1,0,0,1,0,0,1,0,4,73,0,0,0,0,4,19,19,23,6,23,0,0,0,6,55,1,0,1,0,0,0
8,6,1,12,0,0.0,0.0,6,0,6,0,0,0,6,0,0,0,3,0,0,3,0,0,3,0,0,37,0,0,0,0,0,6,4,7,0,7,0,0,0,2,45,1,0,1,1,0,0
4,7,1,15,9,0.0,0.0,7,0,7,0,0,0,7,0,0,0,1,1,0,1,0,0,1,0,21,35,0,0,0,0,0,0,10,9,2,9,0,0,0,1,54,1,0,1,1,0,0
3,4,1,8,6,0.0,0.0,4,0,4,0,0,0,4,0,0,0,0,0,0,0,0,0,0,0,3,17,0,0,0,0,0,4,1,2,0,2,0,0,0,1,21,1,0,1,1,0,0
18,26,1,70,0,0.0,0.0,26,0,24,2,0,0,24,0,0,0,31,8,0,31,0,0,31,0,68,335,0,0,0,0,6,43,92,41,26,41,0,0,0,11,205,1,0,1,1,0,1
14,25,1,42,0,0.0,0.0,22,1,18,4,0,0,18,0,0,0,16,8,1,15,0,0,14,0,31,216,2,0,3,0,0,95,0,100,8,99,1,0,0,13,146,1,0,1,0,0,0
11,4,1,19,0,0.0,0.0,4,0,2,2,0,0,2,0,0,0,9,6,0,9,0,0,9,0,8,46,0,0,0,0,0,12,0,16,0,16,0,0,0,0,66,1,0,0,0,0,0
7,4,1,15,0,0.0,0.0,4,0,4,0,0,0,4,0,0,0,8,4,0,8,0,0,8,0,0,39,0,0,0,0,0,2,4,8,0,8,0,0,0,2,56,1,0,0,1,0,0
49,42,1,94,0,0.0,0.0,27,1,22,5,0,0,22,0,0,0,24,12,2,22,0,0,16,0,36,263,3,0,0,2,0,49,17,56,2,57,2,0,1,0,180,1,0,1,0,1,0
18,23,1,17,0,0.0,0.0,12,0,11,1,0,0,11,0,0,0,3,0,0,3,0,0,1,0,30,165,1,11,0,0,0,9,133,73,10,65,1,0,0,0,68,1,0,1,1,1,0
24,13,1,25,0,0.0,0.0,13,0,13,0,0,0,13,0,0,0,3,0,0,3,0,0,0,0,9,74,0,0,0,0,7,8,5,16,0,17,0,0,0,5,70,1,0,1,0,0,0
21,8,1,28,0,0.0,0.0,8,0,7,1,0,0,7,0,0,0,8,0,0,8,0,0,5,0,10,73,0,0,0,0,0,3,32,10,0,11,0,0,0,0,47,1,0,0,0,0,0
21,14,1,25,0,0.0,0.0,14,0,14,0,0,0,14,0,0,0,3,0,0,3,0,0,0,0,4,86,0,0,0,0,8,12,0,16,0,18,0,0,0,5,66,1,0,1,1,0,0
9,5,1,19,0,0.0,0.0,5,0,5,0,0,0,5,0,0,0,2,0,0,2,0,0,0,0,2,33,0,0,0,0,0,6,1,1,0,2,0,0,0,0,31,1,0,1,0,0,0
15,9,1,33,0,0.0,0.0,9,0,9,0,0,0,9,0,0,0,4,0,0,4,0,0,0,0,55,80,0,0,0,0,0,66,91,8,0,11,0,0,0,0,37,1,0,1,1,0,0
23,12,1,23,4,0.0,0.0,12,0,12,0,0,0,12,0,0,0,3,0,0,3,0,0,0,0,4,75,0,0,0,0,6,10,2,18,0,20,0,0,0,5,68,1,0,1,0,0,0
8,4,1,16,0,0.0,0.0,4,0,4,0,0,0,4,0,0,0,2,2,0,2,0,0,2,0,4,26,0,0,0,0,0,2,1,10,0,10,0,0,0,2,36,1,0,1,0,0,0
14,3,2,10,3,0.0,0.0,3,0,1,0,0,2,3,0,0,0,1,1,0,1,0,0,1,0,5,18,2,0,0,1,0,7,15,2,1,2,1,0,0,0,42,1,0,1,1,0,0
11,6,1,22,0,0.0,0.0,5,0,5,0,0,0,5,0,0,0,1,0,0,1,0,0,1,0,3,53,0,0,0,0,0,33,20,15,3,15,0,0,0,0,56,1,0,1,1,0,0
13,7,1,21,0,0.0,0.0,6,0,6,0,0,0,6,0,0,0,2,0,0,2,0,0,1,0,19,36,0,1,0,0,0,13,6,9,1,9,1,0,0,1,44,1,0,1,1,0,0
14,4,2,13,6,0.0,0.0,4,0,2,0,0,2,4,0,0,0,1,1,0,1,0,0,1,0,7,29,2,0,0,1,0,15,35,3,1,3,1,0,0,0,46,1,0,1,1,0,0
20,17,2,37,21,0.0,0.0,7,0,3,3,0,1,4,0,0,0,1,0,0,1,0,0,1,0,7,313,1,0,8,15,0,99,142,61,12,50,2,0,0,0,86,1,0,1,1,1,1
18,26,1,34,86,0.0,0.0,21,0,20,1,0,0,20,0,0,0,10,0,0,10,0,0,9,0,64,108,1,1,0,0,0,15,110,36,0,36,1,0,0,0,91,1,0,1,1,0,0
50,33,1,84,0,0.0,0.0,23,0,20,3,0,0,20,0,0,0,7,0,0,7,0,0,1,0,56,204,1,9,0,0,0,52,33,37,2,37,2,0,0,8,128,1,0,1,0,1,0
6,2,1,10,0,0.0,0.0,2,0,2,0,0,0,2,0,0,0,1,0,0,1,0,0,1,0,3,15,0,0,0,0,0,2,11,7,0,7,0,0,0,0,31,1,0,1,0,0,0
16,28,1,31,0,0.0,0.0,23,0,21,2,0,0,21,0,0,0,8,4,0,8,0,0,5,0,3,238,1,5,0,0,4,23,196,49,38,46,1,0,0,0,124,1,0,1,1,1,0
13,9,1,18,0,0.0,0.0,7,0,7,0,0,0,7,0,0,0,6,1,0,6,0,0,4,0,10,63,0,2,0,0,0,10,0,14,0,14,1,3,0,1,57,1,0,1,1,1,0
11,6,1,22,0,0.0,0.0,5,0,5,0,0,0,5,0,0,0,1,0,0,1,0,0,1,0,3,53,0,0,0,0,0,33,20,15,3,15,0,0,0,0,55,1,0,1,1,0,0
25,20,1,59,0,0.0,0.0,13,1,12,1,0,0,12,0,0,0,1,0,0,1,0,0,1,0,41,103,0,7,0,0,0,27,16,24,0,24,1,0,0,1,59,1,0,1,1,1,0
18,29,1,44,29,0.0,0.0,22,0,22,0,0,0,22,0,0,0,10,0,0,10,0,0,10,0,67,120,0,2,0,0,0,9,162,41,9,41,1,0,0,0,88,1,0,1,1,1,0
25,20,1,40,0,0.0,0.0,19,0,18,1,0,0,18,0,0,0,7,0,0,7,0,0,7,0,13,129,1,1,0,0,0,7,24,19,0,19,1,0,0,0,78,1,0,1,1,1,0
23,16,1,42,0,0.0,0.0,16,0,15,1,0,0,15,0,0,0,8,0,0,8,0,0,5,0,11,120,0,0,0,0,0,1,23,8,0,10,0,0,0,0,47,1,0,0,0,0,0
44,60,1,104,0,0.0,0.0,46,1,42,4,0,0,42,0,0,0,27,16,2,25,0,0,19,0,36,318,3,0,0,0,1,48,56,59,2,61,1,0,1,20,154,1,0,1,1,1,0
4,16,1,18,120,0.0,0.0,16,0,16,0,0,0,16,0,0,0,0,0,0,0,0,0,0,0,18,122,0,0,0,0,0,10,109,56,21,56,0,0,0,0,48,1,0,1,1,0,0
5,9,1,16,0,0.0,0.0,4,0,4,0,0,0,4,0,0,0,5,4,0,5,0,0,5,0,7,32,0,0,1,0,0,5,22,11,4,11,0,0,0,0,57,1,0,1,1,0,1
11,13,1,25,0,0.0,0.0,12,0,12,0,0,0,12,0,0,0,5,0,0,5,0,0,3,0,13,54,0,1,0,0,0,14,6,11,4,11,1,0,0,6,52,1,0,1,1,0,0
24,50,1,32,30,0.0,0.0,9,0,5,4,0,0,5,0,0,0,1,0,0,1,0,0,1,0,2,214,2,5,0,6,0,45,12,48,6,17,3,3,0,0,141,1,0,1,1,1,0
26,11,1,20,0,0.0,0.0,11,2,8,2,0,1,9,0,0,0,8,4,0,4,0,4,5,0,40,102,3,0,0,0,0,46,105,34,54,34,0,0,0,0,96,1,0,1,1,0,0
20,10,1,33,0,0.0,0.0,10,0,9,1,0,0,9,0,0,0,7,0,0,7,0,0,4,0,16,86,0,0,0,0,0,1,33,9,0,10,0,0,0,0,47,1,0,0,1,0,0
9,5,1,14,0,0.0,0.0,5,0,5,0,0,0,5,0,0,0,3,3,0,3,0,0,3,0,9,39,0,0,0,0,0,5,3,21,2,23,0,0,0,1,55,1,0,1,1,0,0
21,12,1,22,4,0.0,0.0,12,0,12,0,0,0,12,0,0,0,3,0,0,3,0,0,0,0,4,69,0,0,0,0,6,6,0,14,0,16,0,0,0,5,60,1,0,1,0,0,0
13,52,1,58,0,0.0,0.0,35,1,30,4,0,1,31,0,0,0,4,0,0,1,0,3,4,0,83,346,3,15,0,0,1,37,211,109,16,116,2,0,0,7,147,1,0,1,1,1,1
16,13,1,23,0,0.0,0.0,12,0,12,0,0,0,12,0,0,0,6,0,0,6,0,0,5,0,20,78,0,0,0,1,0,26,34,20,0,20,1,0,0,5,80,1,0,1,0,0,0
5,9,1,32,0,0.0,0.0,8,1,7,0,0,1,8,0,0,0,1,0,0,1,0,0,1,0,16,105,0,1,0,5,0,4,24,28,0,28,2,0,0,2,80,1,0,1,1,0,0
48,35,1,82,94,0.0,0.0,25,1,17,6,0,2,19,2,0,0,10,0,1,6,0,3,5,0,77,249,7,2,0,1,0,62,153,83,6,71,2,0,0,0,157,1025,0,1,1,1,1
7,8,1,11,0,0.0,0.0,6,0,6,0,0,0,6,0,0,0,2,0,0,2,0,0,1,0,2,50,0,2,0,2,0,17,1,11,0,11,1,0,0,0,34,1,0,1,1,1,0
4,4,1,11,1,0.0,0.0,2,0,2,0,0,0,2,0,0,0,0,0,0,0,0,0,0,0,2,31,0,2,0,0,0,10,21,7,0,7,1,0,0,0,38,1,0,1,0,1,0
7,12,1,27,0,0.0,0.0,12,0,12,0,0,0,12,0,0,0,11,0,0,11,0,0,11,0,21,222,0,0,0,0,0,9,19,43,0,43,0,0,0,0,60,1,0,1,1,0,1
22,6,2,25,13,0.0,0.0,6,0,3,0,0,3,6,0,0,0,1,1,0,1,0,0,1,0,21,70,2,0,0,0,3,31,71,14,20,8,0,0,0,0,62,1,0,1,1,0,1
16,28,1,31,0,0.0,0.0,23,0,21,2,0,0,21,0,0,0,8,4,0,8,0,0,5,0,3,238,1,5,0,0,4,23,196,49,38,46,1,0,0,0,124,1,0,1,1,1,0
32,15,1,43,0,0.0,0.0,10,0,9,1,0,0,10,0,0,0,13,9,0,13,0,0,11,0,15,114,0,0,0,2,0,21,13,27,0,26,2,0,0,0,110,1,0,1,0,1,0
43,48,1,107,0,0.0,0.0,36,1,31,5,0,0,31,0,0,0,24,13,2,22,0,0,16,0,26,265,4,0,0,0,0,42,11,51,2,53,1,0,1,11,163,1,0,1,1,1,0
10,7,1,17,0,0.0,0.0,7,0,7,0,0,0,7,0,0,0,7,0,0,7,0,0,7,0,17,39,0,0,0,0,0,2,10,16,4,16,0,0,0,0,33,1,0,1,1,0,0
5,3,1,6,1,0.0,0.0,2,0,2,0,0,0,3,0,0,0,0,0,0,0,0,0,0,0,0,16,0,0,0,0,0,0,1,4,0,4,0,0,0,0,26,1,0,1,1,0,0
18,17,1,46,0,0.0,0.0,16,0,16,0,0,0,16,0,0,0,6,0,0,6,0,0,3,0,49,168,0,1,0,0,1,24,136,24,6,24,1,4,0,1,103,1,0,1,0,1,1
25,15,1,28,0,0.0,0.0,15,0,15,0,0,0,15,0,0,0,3,0,0,3,0,0,0,0,9,91,0,0,0,0,9,14,11,18,0,19,0,0,0,5,76,1,0,1,1,0,0
15,31,1,47,0,0.0,0.0,29,0,29,0,0,0,29,0,0,0,7,1,0,7,0,0,2,0,114,223,0,0,0,2,0,140,113,58,8,58,1,0,0,5,123,1,0,1,0,0,0
2,6,1,16,10,0.0,0.0,5,0,5,0,0,0,5,0,0,0,0,0,0,0,0,0,0,0,29,37,0,0,0,1,0,13,2,1,0,1,1,0,0,0,29,1,0,1,1,0,0
25,19,1,37,0,0.0,0.0,19,0,18,1,0,0,18,0,0,0,9,0,0,9,0,0,9,0,13,124,1,0,0,0,0,9,32,16,0,16,0,0,0,0,72,1,0,1,0,0,0
4,4,1,11,6,0.0,0.0,4,0,4,0,0,0,4,0,0,0,0,0,0,0,0,0,0,0,2,21,0,0,0,0,0,3,0,4,0,4,0,0,0,0,26,1,0,1,1,0,0
23,32,1,38,0,0.0,0.0,32,0,30,2,0,0,30,0,0,0,5,0,0,5,0,0,1,0,23,222,2,0,0,0,0,179,6,25,0,25,0,3,0,11,99,1,0,1,0,0,0
26,14,2,44,20,0.0,0.0,9,0,5,1,0,3,8,0,0,0,3,2,0,3,0,0,3,0,233,192,3,5,0,1,1,58,245,27,291,17,2,0,0,0,97,1,0,1,1,1,1
41,48,1,93,0,0.0,0.0,37,0,31,5,0,1,32,0,0,0,10,3,0,6,0,4,6,0,31,462,6,11,0,1,0,153,24,102,2,81,1,0,4,8,232,1,0,1,1,1,1
46,36,1,91,0,0.0,0.0,27,1,25,2,0,0,26,0,0,0,22,13,1,21,0,0,16,0,50,230,2,0,0,0,0,59,37,43,12,44,1,0,1,8,155,1,0,1,1,1,0
25,13,2,44,0,0.0,0.0,9,0,8,0,1,0,9,0,0,0,3,0,0,3,0,0,2,0,8,112,1,4,0,0,0,41,21,28,0,27,1,0,0,1,58,1,0,1,1,1,1
21,11,1,24,0,0.0,0.0,10,0,9,1,0,0,9,0,0,0,5,0,0,5,0,0,4,0,41,93,1,0,1,0,0,65,3,15,0,6,1,0,0,2,64,1,0,1,1,0,0
8,3,1,13,0,0.0,0.0,3,0,3,0,0,0,3,0,0,0,2,2,0,2,0,0,2,0,3,23,0,0,0,0,0,3,0,10,0,10,0,0,0,1,37,1,0,1,0,0,0
11,5,1,20,0,0.0,0.0,5,0,5,0,0,0,5,0,0,0,3,0,0,3,0,0,0,0,13,40,0,0,0,0,0,26,7,3,0,5,0,0,0,0,35,1,0,1,0,0,0
8,14,1,13,66,0.0,0.0,12,0,12,0,0,0,12,0,0,0,0,0,0,0,0,0,0,0,10,55,0,2,0,0,0,23,4,13,3,13,2,0,0,11,61,1,0,1,0,1,0
21,33,1,48,528,0.0,0.0,33,0,33,0,0,0,33,0,0,0,0,0,0,0,0,0,0,0,57,135,0,0,0,0,4,40,28,30,0,30,0,0,0,17,62,1,0,1,1,0,0
7,4,1,9,1,0.0,0.0,3,1,2,1,0,0,2,0,0,0,4,3,0,4,0,0,3,0,8,24,2,0,0,1,0,6,3,4,0,4,1,0,0,0,41,1,0,1,1,0,0
18,3,2,29,0,,,1,0,1,0,0,0,1,0,0,0,0,0,0,0,0,0,0,0,5,28,0,2,0,1,0,3,4,11,1,11,2,0,0,0,29,1,0,1,1,1,1
3,6,1,5,13,0.0,0.0,6,0,6,0,0,0,6,0,0,0,1,0,0,1,0,0,1,0,2,32,0,0,0,0,0,12,0,9,0,9,0,0,0,3,35,1,0,1,0,0,0
48,112,2,105,799,0.0,0.0,90,0,80,10,0,0,80,0,0,0,4,0,0,4,0,0,4,0,78,723,8,6,0,15,4,577,41,159,28,181,2,1,2,32,226,1,0,1,0,0,1
48,112,2,105,799,0.0,0.0,90,0,80,10,0,0,80,0,0,0,4,0,0,4,0,0,4,0,78,723,8,6,0,15,4,577,41,159,28,181,2,1,2,32,226,1,0,1,0,1,0
7,4,1,10,0,,,1,0,1,0,0,0,1,0,0,0,0,0,0,0,0,0,0,0,6,23,0,2,1,0,0,3,7,8,1,8,2,0,0,0,28,1,0,1,0,0,1
7,4,1,10,0,,,1,0,1,0,0,0,1,0,0,0,0,0,0,0,0,0,0,0,6,23,0,2,1,0,0,3,7,8,1,8,2,0,0,0,28,1,0,1,0,1,0
13,6,1,23,2,0.0,0.0,5,0,5,0,0,0,5,0,0,0,3,0,0,3,0,0,0,0,7,55,0,0,0,2,0,22,12,10,1,9,1,0,0,0,60,1,0,1,0,0,0
10,20,1,36,116,0.0,0.0,17,0,11,6,0,0,11,0,0,0,1,0,0,1,0,0,0,0,2,129,4,1,0,1,1,77,7,19,1,19,2,0,0,4,66,1,5,1,0,1,0
3,3,1,12,3,0.0,0.0,3,0,3,0,0,0,3,0,0,0,0,0,0,0,0,0,0,0,3,32,0,0,0,0,0,12,1,6,1,6,0,0,0,0,27,1,0,1,1,0,0
6,15,1,18,78,0.0,0.0,13,1,12,0,0,1,13,0,0,0,0,0,0,0,0,0,0,0,48,132,0,1,0,1,0,75,1,14,0,33,2,0,0,19,47,1,0,1,0,0,0
3,6,1,9,10,0.0,0.0,5,0,5,0,0,0,5,0,0,0,0,0,0,0,0,0,0,0,16,33,0,0,0,1,0,33,1,0,0,0,1,0,0,0,22,1,0,1,0,0,0
4,11,1,12,21,0.0,0.0,7,1,5,2,0,0,5,0,0,0,0,0,0,0,0,0,0,0,52,57,1,0,0,0,4,10,90,0,0,0,1,0,0,0,24,1,0,1,1,0,0
6,5,1,10,10,0.0,0.0,5,0,5,0,0,0,5,0,0,0,0,0,0,0,0,0,0,0,20,51,0,0,0,0,0,38,1,5,0,5,1,0,0,8,19,1,0,0,0,0,0
5,13,1,13,78,0.0,0.0,13,0,12,1,0,0,12,0,0,0,0,0,0,0,0,0,0,0,6,78,0,0,0,0,0,148,1,3,1,3,1,0,0,11,79,1,0,0,0,0,0
6,5,1,3,6,0.0,0.0,4,1,3,1,0,0,3,0,0,0,0,0,0,0,0,0,0,0,5,29,0,1,0,0,0,16,1,0,0,0,1,0,0,5,16,1,0,0,0,1,0
7,6,1,24,6,0.0,0.0,4,0,4,0,0,0,4,0,0,0,0,0,0,0,0,0,0,0,9,45,0,0,0,2,0,77,4,9,1,9,1,0,0,0,33,1,0,1,0,0,0
9,6,1,22,10,0.0,0.0,5,0,5,0,0,0,5,0,0,0,0,0,0,0,0,0,0,0,35,50,0,0,0,1,0,7,0,15,0,15,2,0,0,0,37,17,0,1,1,1,0
9,3,1,13,1,0.0,0.0,2,0,2,0,0,0,2,0,0,0,0,0,0,0,0,0,0,0,4,25,0,1,0,0,0,1,3,11,0,11,1,0,0,1,31,0,0,1,1,1,0
35,92,1,179,3321,0.0,0.0,82,1,81,1,0,0,81,0,0,0,0,0,0,0,0,0,0,0,316,1519,3,3,6,0,0,119,752,549,99,548,2,0,0,23,273,1,0,1,1,1,1
5,5,1,11,0,0.0,0.0,5,0,5,0,0,0,5,0,0,0,4,0,0,4,0,0,4,0,5,60,0,0,0,0,0,0,34,19,2,19,0,0,0,0,33,1,0,1,1,0,0
18,60,1,94,0,0.0,0.0,60,0,57,3,0,0,57,0,0,0,8,0,0,8,0,0,7,0,107,784,3,0,0,0,0,0,334,255,17,255,0,0,0,44,109,1,0,1,1,0,1
10,3,1,15,1,0.0,0.0,3,0,2,1,0,0,2,0,0,0,5,0,0,5,0,0,5,0,5,31,1,0,0,0,0,0,16,8,1,8,0,0,0,0,33,0,0,1,1,0,0
9,4,1,19,4,0.0,0.0,4,0,3,1,0,0,3,0,0,0,5,0,0,4,0,1,4,0,8,36,1,0,0,0,0,0,22,9,1,9,0,0,0,2,43,1,0,1,1,0,0
16,17,1,65,0,0.0,0.0,14,0,12,1,0,1,13,0,0,0,5,2,0,3,0,2,5,0,30,269,3,1,0,0,1,37,122,97,28,106,2,2,1,11,110,0,0,1,1,1,1
16,4,1,30,3,0.0,0.0,3,0,2,1,0,0,2,0,0,0,2,1,0,2,0,0,2,0,9,46,2,1,0,0,0,1,5,16,0,18,1,0,0,2,54,0,0,1,1,1,1
12,4,1,33,0,0.0,0.0,2,0,1,0,0,1,2,0,0,0,2,0,0,2,0,0,0,0,9,45,0,1,0,0,0,10,15,22,1,24,1,0,0,3,55,0,0,1,1,1,1
5,1,1,15,0,,,1,0,1,0,0,0,1,0,0,0,0,0,0,0,0,0,0,0,8,20,0,0,0,0,0,10,8,5,0,5,0,0,0,0,17,0,0,1,1,0,1
7,5,1,15,0,0.0,0.0,5,0,5,0,0,0,5,0,0,0,3,0,0,3,0,0,3,0,8,105,0,0,0,0,0,0,66,24,0,24,0,0,0,0,36,0,0,1,1,0,1
18,11,1,38,0,0.0,0.0,10,0,8,2,0,0,8,0,0,0,8,0,0,8,0,0,6,0,10,160,2,0,1,0,0,86,111,21,0,15,1,0,0,0,68,1,0,1,1,0,1
18,14,1,48,34,0.0,0.0,9,5,4,2,0,3,7,0,0,0,1,1,0,1,0,0,1,0,18,82,7,4,1,0,0,1,18,24,4,24,2,0,0,2,61,17,0,1,1,1,0
2,6,1,18,6,0.0,0.0,4,0,4,0,0,0,4,0,0,0,0,0,0,0,0,0,0,0,1,55,0,0,2,0,0,0,15,19,2,19,0,0,0,2,34,0,0,1,1,0,0
3,2,1,9,1,0.0,0.0,2,0,2,0,0,0,2,0,0,0,0,0,0,0,0,0,0,0,0,24,0,0,0,0,0,0,4,5,0,5,0,0,0,0,20,0,0,1,1,0,0
10,3,1,14,1,0.0,0.0,3,0,2,1,0,0,2,0,0,0,4,0,0,4,0,0,4,0,5,29,1,0,0,0,0,0,15,7,3,7,0,0,0,0,31,1,0,1,1,0,0
9,13,1,17,0,0.0,0.0,13,0,12,1,0,0,12,0,0,0,5,0,0,5,0,0,5,0,34,112,1,0,0,0,0,0,22,29,0,29,0,0,0,5,53,1,0,1,1,0,0
6,4,1,14,0,0.0,0.0,3,0,3,0,0,0,3,0,0,0,1,0,0,1,0,0,0,0,15,39,0,0,1,0,0,1,5,14,1,13,1,0,0,0,28,1,0,1,1,0,1
5,1,1,5,0,,,1,0,1,0,0,0,1,0,0,0,2,0,0,2,0,0,2,0,4,21,0,0,0,0,0,0,7,6,0,6,0,0,0,0,16,0,0,1,0,0,0
27,57,1,80,0,0.0,0.0,44,1,40,4,0,0,40,0,0,0,3,0,0,3,0,0,2,0,50,560,2,10,0,19,0,10,298,139,30,133,3,0,1,13,147,1,0,1,1,1,1
13,18,1,34,0,0.0,0.0,18,0,16,2,0,0,16,0,0,0,4,0,0,4,0,0,4,0,59,179,2,0,0,0,0,2,102,46,0,46,0,0,1,3,91,1,0,1,1,0,0
9,3,1,18,1,0.0,0.0,3,0,2,1,0,0,2,0,0,0,5,0,0,2,0,3,2,0,7,34,1,0,0,0,0,0,14,9,3,9,0,0,0,0,33,0,0,1,1,0,0
37,15,1,47,105,0.0,0.0,15,2,12,2,0,1,13,0,0,0,0,0,0,0,0,0,0,0,21,220,2,0,0,1,0,138,127,73,9,73,1,1,1,2,126,1,0,1,1,0,1
5,2,1,11,1,0.0,0.0,2,0,2,0,0,0,2,0,0,0,0,0,0,0,0,0,0,0,12,28,0,0,0,1,0,9,4,1,0,1,1,0,1,0,33,1,0,1,0,0,0
3,2,1,4,1,0.0,0.0,2,0,2,0,0,0,2,0,0,0,0,0,0,0,0,0,0,0,16,19,0,0,0,0,0,24,1,5,0,5,0,0,0,0,30,1,0,1,0,0,1
5,3,1,8,3,0.0,0.0,3,0,3,0,0,0,3,0,0,0,1,1,0,1,0,0,1,0,14,18,0,0,0,0,0,20,9,1,1,1,0,0,0,0,27,1,0,1,0,0,0
18,18,1,40,0,0.0,0.0,17,0,16,1,0,0,16,0,0,0,11,5,0,11,0,0,10,0,56,146,0,1,0,0,1,35,48,38,2,37,1,0,0,3,108,1,0,1,0,0,0
7,1,1,14,0,,,1,0,1,0,0,0,1,0,0,0,0,0,0,0,0,0,0,0,5,29,0,0,0,2,0,17,2,3,0,3,2,0,0,0,25,1,0,1,1,0,0
4,5,1,17,6,0.0,0.0,4,0,3,1,0,0,3,0,0,0,0,0,0,0,0,0,0,0,14,29,1,1,0,0,0,28,12,4,0,7,1,0,0,4,27,1,0,1,0,1,0
4,4,1,19,1,0.0,0.0,3,0,3,0,0,0,4,0,0,0,3,3,0,3,0,0,3,0,7,45,0,0,0,0,0,13,28,9,0,9,0,0,0,0,32,1,0,1,0,0,0
14,23,1,22,55,0.0,0.0,11,3,8,3,0,0,8,0,0,0,0,0,0,0,0,0,0,0,35,161,0,6,2,0,3,0,132,62,3,59,2,0,0,3,71,1,0,1,0,1,1
3,1,1,4,0,,,1,0,1,0,0,0,1,0,0,0,0,0,0,0,0,0,0,0,0,16,0,0,0,0,0,0,5,2,0,2,0,0,0,0,15,1,0,1,1,0,0
8,11,1,7,55,0.0,0.0,11,0,11,0,0,0,11,0,0,0,0,0,0,0,0,0,0,0,0,52,0,0,0,0,0,9,1,17,0,17,0,0,0,4,30,1,0,1,0,0,0
6,1,1,10,0,,,1,0,1,0,0,0,1,0,0,0,0,0,0,0,0,0,0,0,2,13,0,0,0,0,0,6,4,3,1,3,0,0,0,1,31,1,1,1,1,0,0
8,1,1,3,0,,,1,0,1,0,0,0,1,0,0,0,0,0,0,0,0,0,0,0,6,10,0,0,0,0,0,9,21,0,0,0,0,0,0,0,32,1,0,1,0,0,1
39,17,1,52,120,0.0,0.0,16,1,14,2,0,0,14,0,0,0,1,1,0,1,0,0,1,0,12,318,1,1,0,13,0,228,206,98,4,98,1,0,1,2,161,1,0,1,1,0,1
4,4,1,8,6,0.0,0.0,4,0,3,1,0,0,3,0,0,0,0,0,0,0,0,0,0,0,6,41,0,0,0,0,0,32,1,3,1,3,0,0,0,0,34,1,0,1,1,0,0
5,5,1,15,3,0.0,0.0,3,0,3,0,0,0,3,0,0,0,0,0,0,0,0,0,0,0,6,34,0,0,2,0,0,28,1,9,0,9,0,0,0,1,32,1,0,1,1,0,0
3,1,1,3,0,,,1,0,1,0,0,0,1,0,0,0,0,0,0,0,0,0,0,0,4,6,0,0,0,0,0,6,1,0,0,0,0,0,0,0,20,1,0,1,0,0,0
5,3,1,14,3,0.0,0.0,3,0,3,0,0,0,3,0,0,0,0,0,0,0,0,0,0,0,27,24,0,0,0,4,0,47,19,4,0,4,2,0,0,0,35,1,0,1,1,0,0
16,14,1,49,16,0.0,0.0,9,0,7,2,0,0,7,0,0,0,6,5,0,6,0,0,6,0,25,179,1,3,2,0,0,3,122,57,1,58,2,0,1,6,90,1,2,1,1,1,1
14,3,1,16,0,0.0,0.0,3,0,2,1,0,0,2,0,0,0,5,4,0,5,0,0,5,0,8,47,1,0,0,0,0,1,34,21,1,21,0,0,0,1,75,1,0,1,1,0,1
15,14,1,50,55,0.0,0.0,11,0,5,6,0,0,5,0,0,0,4,4,0,4,0,0,4,0,31,131,4,3,0,6,0,8,39,49,9,49,2,0,0,6,81,1,1,1,1,1,1
